week_start_sat,week_start_mon,week_end,deaths_total,tasmax_mean_weekly_degC,tasmax_max_weekly_degC,year,month,week_of_year,quarter,season,temp_range_weekly,IsSurge,tasmax_mean_scaled,tasmax_max_scaled
2016-01-02,2016-01-04,2016-01-08,13045.0,7.363328516437781,8.839453642871819,2016,1,1,1,Winter,1.476125126434038,1,-1.1400195971543527,-1.2276666110607082
2016-01-09,2016-01-11,2016-01-15,11501.0,5.132908962171864,7.135659270891515,2016,1,2,1,Winter,2.0027503087196505,0,-1.5658638131526361,-1.5396545299617883
2016-01-16,2016-01-18,2016-01-22,11473.0,5.359014156575076,10.23399195801497,2016,1,3,1,Winter,4.874977801439894,0,-1.5226945407798136,-0.9723076816473879
2016-01-23,2016-01-25,2016-01-29,11317.0,11.168578414886394,13.154128164234512,2016,1,4,1,Winter,1.9855497493481185,0,-0.4134999356031775,-0.43759103222728823
2016-01-30,2016-02-01,2016-02-05,11052.0,8.78242591201884,11.271464607753906,2016,2,5,1,Winter,2.489038695735065,0,-0.8690775599530531,-0.7823323311990641
2016-02-06,2016-02-08,2016-02-12,11170.0,6.964308575696616,8.691857573028301,2016,2,6,1,Winter,1.7275489973316853,0,-1.2162027231082175,-1.2546934585639877
2016-02-13,2016-02-15,2016-02-19,10590.0,5.795141121967094,8.3823507053643,2016,2,7,1,Winter,2.587209583397205,0,-1.4394267334751918,-1.3113683749248455
2016-02-20,2016-02-22,2016-02-26,11056.0,7.000324272729967,9.911511973292503,2016,2,8,1,Winter,2.911187700562537,0,-1.209326404149542,-1.0313581521592001
2016-02-27,2016-02-29,2016-03-04,11285.0,7.354192169701204,10.449106367086658,2016,2,9,1,Winter,3.094914197385455,0,-1.1417639597365785,-0.9329173080696733
2016-03-05,2016-03-07,2016-03-11,11010.0,7.211673400207019,9.592217151258827,2016,3,10,1,Spring,2.3805437510518086,0,-1.1689744428693207,-1.0898253760686174
2016-03-12,2016-03-14,2016-03-18,11022.0,10.100339399557962,11.200762754377786,2016,3,11,1,Spring,1.1004233548198243,0,-0.6174541222095775,-0.7952788020056479
2016-03-19,2016-03-21,2016-03-25,9635.0,9.817100764124522,12.147404021240108,2016,3,12,1,Spring,2.3303032571155864,0,-0.6715316317148573,-0.6219359129509162
2016-03-26,2016-03-28,2016-04-01,10286.0,9.803240590491836,11.02473150300549,2016,3,13,1,Spring,1.221490912513655,0,-0.6741778938330864,-0.8275125179283992
2016-04-02,2016-04-04,2016-04-08,11599.0,10.891390515408624,11.64869201075058,2016,4,14,2,Spring,0.7573014953419559,1,-0.46642220464962664,-0.7132568639074325
2016-04-09,2016-04-11,2016-04-15,11417.0,10.78295271409202,12.324442974901345,2016,4,15,2,Spring,1.5414902608093257,0,-0.48712575811243924,-0.5895176730356171
2016-04-16,2016-04-18,2016-04-22,10925.0,11.679832212781443,14.560248120331156,2016,4,16,2,Spring,2.880415907549713,0,-0.31588849190669455,-0.18011134686010252
2016-04-23,2016-04-25,2016-04-29,10413.0,8.976622502930278,10.16677535211626,2016,4,17,2,Spring,1.1901528491859814,0,-0.8320004571953892,-0.9846159562460174
2016-04-30,2016-05-02,2016-05-06,9137.0,11.039316884840057,11.039316884840057,2016,5,18,2,Spring,0.0,0,-0.43817927219527336,-0.8248417361722329
2016-05-28,2016-05-30,2016-06-03,7909.0,16.080002453805694,16.92578579537532,2016,5,22,2,Spring,0.845783341569625,0,0.5242166994973759,0.2530507696817756
2016-06-04,2016-06-06,2016-06-10,9873.0,20.8888889893264,22.761791072091683,2016,6,23,2,Summer,1.8729020827652825,0,1.4423562991197023,1.3217026979436388
2016-06-11,2016-06-13,2016-06-17,9386.0,16.572265568691343,17.596176908643756,2016,6,24,2,Summer,1.023911339952413,0,0.618202335438568,0.3758084989700232
2016-06-18,2016-06-20,2016-06-24,9365.0,18.32913739749872,19.98774395591989,2016,6,25,2,Summer,1.6586065584211696,0,0.95363416265557,0.8137369475332447
2016-06-25,2016-06-27,2016-07-01,9228.0,16.781187615567276,17.550763090581516,2016,6,26,2,Summer,0.7695754750142392,0,0.6580909048722771,0.36749261131386046
2016-07-30,2016-08-01,2016-08-05,9182.0,18.83752240688241,19.426073281803728,2016,8,31,3,Summer,0.5885508749213173,0,1.0506978811529315,0.7108874091106034
2016-08-06,2016-08-08,2016-08-12,9172.0,18.679001270248623,21.342846119687312,2016,8,32,3,Summer,2.6638448494386893,0,1.020432136297951,1.0618745813492088
2016-08-13,2016-08-15,2016-08-19,9070.0,20.51872490953154,22.719722783308303,2016,8,33,3,Summer,2.200997873776764,0,1.3716824960455316,1.3139994221932902
2016-08-20,2016-08-22,2016-08-26,9319.0,20.611152482207668,22.795715570252376,2016,8,34,3,Summer,2.1845630880447082,0,1.389329286824249,1.3279147348859939
2016-08-27,2016-08-29,2016-09-02,7923.0,19.340622821600896,21.81071824478088,2016,8,35,3,Summer,2.470095423179984,0,1.146752635185393,1.1475483299073215
2016-09-03,2016-09-05,2016-09-09,9399.0,19.869487468037292,22.499111294501045,2016,9,36,3,Autumn,2.629623826463753,0,1.2477264408983901,1.2736024585628452
2016-09-10,2016-09-12,2016-09-16,9124.0,19.980124118801687,22.83513579897845,2016,9,37,3,Autumn,2.855011680176762,0,1.2688498110353355,1.3351331148296708
2016-09-17,2016-09-19,2016-09-23,8945.0,17.046478008664213,18.015240363104056,2016,9,38,3,Autumn,0.9687623544398427,0,0.7087416352445828,0.4525447162006305
2016-09-24,2016-09-26,2016-09-30,8994.0,16.649457349621116,19.20598056771898,2016,9,39,3,Autumn,2.5565232180978654,0,0.632940223370316,0.6705854401865129
2016-10-01,2016-10-03,2016-10-07,9291.0,14.894476798580104,16.446159435813115,2016,10,40,4,Autumn,1.5516826372330108,0,0.29786948951626996,0.16522466095012694
2016-10-08,2016-10-10,2016-10-14,9719.0,13.113461546895223,14.442408385956751,2016,10,41,4,Autumn,1.328946839061528,0,-0.042171935463234514,-0.20168940469145663
2016-10-15,2016-10-17,2016-10-21,9768.0,12.939422763165252,14.213582891783735,2016,10,42,4,Autumn,1.2741601286184832,0,-0.0754003965700404,-0.24359046440418106
2016-10-22,2016-10-24,2016-10-28,9724.0,12.473432433419324,14.125837213146106,2016,10,43,4,Autumn,1.6524047797267816,0,-0.1643698849579537,-0.2596578913900436
2016-10-29,2016-10-31,2016-11-04,10152.0,11.75435442732632,14.509121191797512,2016,10,44,4,Autumn,2.754766764471192,0,-0.3016602925678651,-0.18947338273446473
2016-11-05,2016-11-07,2016-11-11,10470.0,7.5778522943283795,9.992810061928688,2016,11,45,4,Autumn,2.414957767600309,0,-1.099061513804479,-1.0164713665814555
2016-11-12,2016-11-14,2016-11-18,10694.0,10.066300342837996,13.570986071994852,2016,11,46,4,Autumn,3.504685729156856,0,-0.6239530499088577,-0.3612586805900154
2016-11-19,2016-11-21,2016-11-25,10603.0,6.68564097772533,7.762571416946476,2016,11,47,4,Autumn,1.0769304392211456,0,-1.2694075044935131,-1.4248583908278354
2016-11-26,2016-11-28,2016-12-02,10439.0,7.512830865409793,8.248169554839885,2016,11,48,4,Autumn,0.7353386894300922,0,-1.1114757698434226,-1.3359387682753106
2016-12-03,2016-12-05,2016-12-09,11223.0,9.673565620622114,13.32160153905952,2016,12,49,4,Winter,3.6480359184374063,0,-0.6989361666760392,-0.4069243798763561
2016-12-10,2016-12-12,2016-12-16,10533.0,9.89677885976919,11.222135016606783,2016,12,50,4,Winter,1.325356156837593,0,-0.6563190426272372,-0.7913652501564991
2016-12-17,2016-12-19,2016-12-23,11493.0,8.190201739410151,9.999633753913912,2016,12,51,4,Winter,1.809432014503761,0,-0.9821483219078742,-1.015221855785609
2016-12-24,2016-12-26,2016-12-30,8003.0,8.689460980411676,12.302738244900231,2016,12,52,4,Winter,3.6132772644885556,0,-0.8868269463139599,-0.5934921042549705
2016-12-31,2017-01-02,2017-01-06,11991.0,7.707690162719433,8.982285214535901,2017,1,1,1,Winter,1.2745950518164681,1,-1.0742721394618235,-1.2015122079650729
2017-01-07,2017-01-09,2017-01-13,13715.0,7.487705633400949,10.163262421528591,2017,1,2,1,Winter,2.6755567881276425,1,-1.1162728201141294,-0.9852592216079147
2017-01-14,2017-01-16,2017-01-20,13610.0,7.270358037020029,8.51221031456531,2017,1,3,1,Winter,1.2418522775452816,1,-1.157770042734385,-1.2875893145580473
2017-01-21,2017-01-23,2017-01-27,12877.0,5.710872647999187,8.595398092674847,2017,1,4,1,Winter,2.88452544467566,1,-1.455515743348514,-1.2723565011404083
2017-01-28,2017-01-30,2017-02-03,12485.0,8.473477657954865,10.677378336515158,2017,1,5,1,Winter,2.2039006785602933,1,-0.9280636941017977,-0.8911176062648878
2017-02-04,2017-02-06,2017-02-10,12269.0,5.241607485017672,7.254133521753656,2017,2,6,1,Winter,2.0125260367359834,1,-1.5451104812725813,-1.5179602835329298
2017-02-11,2017-02-13,2017-02-17,11644.0,7.760258623775158,10.514132680123565,2017,2,7,1,Winter,2.7538740563484065,1,-1.06423547391982,-0.9210101058791798
2017-02-18,2017-02-20,2017-02-24,11794.0,10.165658560447715,12.866374608571606,2017,2,8,1,Winter,2.7007160481238905,1,-0.6049830215121494,-0.4902826213439438
2017-02-25,2017-02-27,2017-03-03,11248.0,8.03599205323728,9.797873108371313,2017,2,9,1,Winter,1.7618810551340331,0,-1.0115909004496684,-1.0521669736673
2017-03-04,2017-03-06,2017-03-10,11077.0,9.830932168303258,11.841244938411636,2017,3,10,1,Spring,2.010312770108378,0,-0.6688908624221992,-0.6779978043828612
2017-03-11,2017-03-13,2017-03-17,10697.0,11.849799569306416,13.262819061008017,2017,3,11,1,Spring,1.4130194917016006,0,-0.2834373705263049,-0.41768825097297274
2017-03-18,2017-03-20,2017-03-24,10325.0,9.897585685038296,11.908498856059753,2017,3,12,1,Spring,2.010913171021457,0,-0.6561649990198304,-0.6656826974955242
2017-03-25,2017-03-27,2017-03-31,10027.0,14.021162741861314,16.053939524715453,2017,3,13,1,Spring,2.032776782854139,0,0.13113146971528536,0.09340386154655844
2017-04-01,2017-04-03,2017-04-07,9939.0,12.86689607305726,13.429875284877276,2017,4,14,2,Spring,0.5629792118200161,0,-0.08924759918665899,-0.38709798463474954
2017-04-08,2017-04-10,2017-04-14,8493.0,13.32796910384,17.255978192073236,2017,4,15,2,Spring,3.928009088233237,0,-0.001216949107351539,0.31351348770508297
2017-04-15,2017-04-17,2017-04-21,9644.0,11.830496352917546,13.57597905852677,2017,4,16,2,Spring,1.7454827056092235,0,-0.28712284890800294,-0.3603443968578868
2017-04-22,2017-04-24,2017-04-28,10908.0,10.791526317622395,12.959433815261368,2017,4,17,2,Spring,2.167907497638973,0,-0.4854888376206465,-0.4732422151146526
2017-04-29,2017-05-01,2017-05-05,9064.0,14.001684102616958,15.2707426702796,2017,5,18,2,Spring,1.2690585676626416,0,0.12741249861773488,-0.05001013296107168
2017-05-06,2017-05-08,2017-05-12,10693.0,15.09584543612434,17.737960249419537,2017,5,19,2,Spring,2.642114813295196,0,0.33631591965882257,0.40177095673543134
2017-05-13,2017-05-15,2017-05-19,10288.0,15.889258665281655,17.78758189685352,2017,5,20,2,Spring,1.8983232315718652,0,0.4877988251449001,0.410857355170577
2017-05-20,2017-05-22,2017-05-26,10040.0,19.867536510086158,24.766267684870662,2017,5,21,2,Spring,4.898731174784505,0,1.2473539530596975,1.6887496240230673
2017-05-27,2017-05-29,2017-06-02,8332.0,18.887134472429317,21.593517541808296,2017,5,22,2,Spring,2.7063830693789797,0,1.060170095076303,1.1077759275454646
2017-06-03,2017-06-05,2017-06-09,9766.0,16.04977786271191,17.705026845831195,2017,6,23,2,Summer,1.6552489831192858,0,0.5184460509780945,0.39574040268687344
2017-06-10,2017-06-12,2017-06-16,9367.0,18.825546449598058,21.31611791909418,2017,6,24,2,Summer,2.490571469496121,0,1.048411364192107,1.0569802843517782
2017-06-17,2017-06-19,2017-06-23,9627.0,22.570632093284456,25.12824374277432,2017,6,25,2,Summer,2.557611649489864,0,1.7634441286474716,1.7550323626296744
2017-06-24,2017-06-26,2017-06-30,9334.0,16.334944716966753,17.78572724548903,2017,6,26,2,Summer,1.4507825285222786,0,0.5728917068398311,0.41051774328488827
2017-07-01,2017-07-03,2017-07-07,9263.0,19.75723952309247,22.96485650335245,2017,7,27,3,Summer,3.2076169802599814,0,1.2262954334356804,1.3588867398337183
2017-07-08,2017-07-10,2017-07-14,9376.0,19.02422043054925,20.33857468986452,2017,7,28,3,Summer,1.3143542593152695,0,1.0863433153784223,0.8779788257610176
2017-07-15,2017-07-17,2017-07-21,9113.0,20.330876556391527,24.11358196018861,2017,7,29,3,Summer,3.7827054037970846,0,1.3358174344626201,1.5692339921552854
2017-07-22,2017-07-24,2017-07-28,8882.0,18.78029019421848,20.092839532649787,2017,7,30,3,Summer,1.3125493384313067,0,1.0397707859859688,0.8329813767958908
2017-07-29,2017-07-31,2017-08-04,8941.0,18.205067614769465,18.473291968737502,2017,7,31,3,Summer,0.2682243539680371,0,0.9299460635917122,0.53642019409928
2017-08-26,2017-08-28,2017-09-01,8149.0,17.97521504111024,17.97521504111024,2017,8,35,3,Summer,0.0,0,0.8860613205450991,0.44521553545114695
2017-09-02,2017-09-04,2017-09-08,9497.0,17.180445689754052,18.828439438116437,2017,9,36,3,Autumn,1.647993748362385,0,0.7343194965997245,0.6014525252870718
2017-09-09,2017-09-11,2017-09-15,9454.0,15.127553550996184,16.266547348170523,2017,9,37,3,Autumn,1.1389937971743382,0,0.34236981086173923,0.13233524521155995
2017-09-16,2017-09-18,2017-09-22,9534.0,15.162139496194452,16.375217875361532,2017,9,38,3,Autumn,1.2130783791670794,0,0.3489731535778424,0.15223429651832066
2017-09-23,2017-09-25,2017-09-29,9689.0,16.96142620246512,17.445354120787396,2017,9,39,3,Autumn,0.48392791832227644,0,0.6925030671864708,0.3481907955194165
2017-09-30,2017-10-02,2017-10-06,9778.0,14.461070570357364,16.10794198322046,2017,10,40,4,Autumn,1.6468714128630957,0,0.2151211406178359,0.10329244606215153
2017-10-07,2017-10-09,2017-10-13,9940.0,15.41642492084816,17.54461364578199,2017,10,41,4,Autumn,2.12818872493383,0,0.39752275362700806,0.36636656434660164
2017-10-14,2017-10-16,2017-10-20,10031.0,15.190635514470667,17.552625589520677,2017,10,42,4,Autumn,2.3619900750500094,0,0.35441377327591594,0.36783366019718844
2017-10-21,2017-10-23,2017-10-27,9739.0,13.772432515306091,15.370069044181225,2017,10,43,4,Autumn,1.5976365288751335,0,0.08364249925683497,-0.03182212318995065
2017-10-28,2017-10-30,2017-11-03,9984.0,12.304743879695176,13.994470911730968,2017,10,44,4,Autumn,1.6897270320357922,0,-0.19657685013235426,-0.2837128475903067
2017-11-25,2017-11-27,2017-12-01,10538.0,5.776697934397344,5.776697934397344,2017,11,48,4,Autumn,0.0,0,-1.4429480103291936,-1.7884988307837593
2017-12-02,2017-12-04,2017-12-08,10781.0,8.08244337021731,11.759400258042987,2017,12,49,4,Winter,3.6769568878256766,0,-1.0027221543773808,-0.6929846783397579
2017-12-09,2017-12-11,2017-12-15,11217.0,3.958860147382988,5.776438691300279,2017,12,50,4,Winter,1.817578543917291,0,-1.7900198003619718,-1.7885463017202015
2017-12-16,2017-12-18,2017-12-22,12517.0,8.904148490358422,10.57428236448546,2017,12,51,4,Winter,1.670133874127039,1,-0.8458376023212395,-0.9099958807148993
2017-12-23,2017-12-25,2017-12-29,8487.0,6.810170568569174,10.410390167808997,2017,12,52,4,Winter,3.6002195992398223,0,-1.245631616284473,-0.9400067706474596
2017-12-30,2018-01-01,2018-01-05,12723.0,7.987852419181801,9.703918772854056,2018,1,1,1,Winter,1.7160663536722556,1,-1.0207819894910064,-1.0693712901574954
2018-01-06,2018-01-08,2018-01-12,15050.0,5.106174359220488,6.722114739742901,2018,1,2,1,Winter,1.6159403805224128,1,-1.5709681335537373,-1.615380157283834
2018-01-13,2018-01-15,2018-01-19,14256.0,5.884818825190772,8.001282887838865,2018,1,3,1,Winter,2.1164640626480935,1,-1.4223049632016243,-1.3811470743413448
2018-01-20,2018-01-22,2018-01-26,13935.0,7.7917961703765,11.027006342590994,2018,1,4,1,Winter,3.2352101722144937,1,-1.0582141485681518,-0.8270959638654285
2018-01-27,2018-01-29,2018-02-02,13285.0,7.340281560464611,11.35759049815845,2018,1,5,1,Winter,4.017308937693839,1,-1.1444198513032955,-0.7665615094656966
2018-02-03,2018-02-05,2018-02-09,12495.0,4.536657662203722,6.636588092131338,2018,2,6,1,Winter,2.099930429927616,1,-1.6797034568587994,-1.631041249512883
2018-02-10,2018-02-12,2018-02-16,12246.0,6.018045828915311,8.400756097578082,2018,2,7,1,Winter,2.3827102686627706,1,-1.3968685161249446,-1.307998097321063
2018-02-17,2018-02-19,2018-02-23,12142.0,7.323100233713155,10.096664904079796,2018,2,8,1,Winter,2.7735646703666417,1,-1.1477002066096729,-0.9974541326925652
2018-02-24,2018-02-26,2018-03-02,10854.0,0.9579054053897148,5.070786808582578,2018,2,9,1,Winter,4.112881403192863,0,-2.362978917809745,-1.917760757395296
2018-03-03,2018-03-05,2018-03-09,12997.0,6.215212682842692,8.780274547877148,2018,3,10,1,Spring,2.5650618650344565,1,-1.359224314086379,-1.2385031081130942
2018-03-10,2018-03-12,2018-03-16,12788.0,8.958753883143956,9.887099284704345,2018,3,11,1,Spring,0.9283454015603887,1,-0.835412034344327,-1.0358284474205628
2018-03-17,2018-03-19,2018-03-23,11913.0,6.007926221601832,9.39331459490935,2018,3,12,1,Spring,3.385388373307518,1,-1.3988006083335054,-1.1262471389527453
2018-03-24,2018-03-26,2018-03-30,9941.0,8.80102612402425,10.372447260278058,2018,3,13,1,Spring,1.5714211362538073,0,-0.8655263031127441,-0.9469546329906571
2018-03-31,2018-04-02,2018-04-06,10794.0,7.480559025291914,11.763417072603367,2018,4,14,2,Spring,4.2828580473114535,0,-1.1176372906333276,-0.6922491449702891
2018-04-07,2018-04-09,2018-04-13,12301.0,10.357008972412151,12.136071224828004,2018,4,15,2,Spring,1.7790622524158533,1,-0.5684493272087194,-0.6240111020852906
2018-04-14,2018-04-16,2018-04-20,11223.0,16.136341979556697,20.43782010064004,2018,4,16,2,Spring,4.301478121083342,0,0.534973357870131,0.8961520100827552
2018-04-21,2018-04-23,2018-04-27,10306.0,13.312766299832832,19.03118188283568,2018,4,17,2,Spring,5.718415583002846,0,-0.004119553750063411,0.6385774239492003
2018-04-28,2018-04-30,2018-05-04,10153.0,11.627222297397244,16.095939834868375,2018,4,18,2,Spring,4.4687175374711305,0,-0.32593307214168704,0.10109468948524909
2018-05-05,2018-05-07,2018-05-11,8624.0,17.242833750571286,21.573681662929317,2018,5,19,2,Spring,4.330847912358031,0,0.7462309752251495,1.104143708380523
2018-05-12,2018-05-14,2018-05-18,10141.0,16.17371193104725,18.59787825653516,2018,5,20,2,Spring,2.42416632548791,0,0.5421082386883842,0.5592336376067997
2018-05-19,2018-05-21,2018-05-25,9636.0,18.245835795448237,19.01705950625675,2018,5,21,2,Spring,0.7712237108085134,0,0.93772975339376,0.6359914247516116
2018-05-26,2018-05-28,2018-06-01,8147.0,21.50657140662254,22.862213169810197,2018,5,22,2,Spring,1.3556417631876556,0,1.5602876919943363,1.3400913496460536
2018-06-02,2018-06-04,2018-06-08,9950.0,19.49355683090975,21.581946631621637,2018,6,23,2,Summer,2.0883898007118873,0,1.1759516543425925,1.105657136540931
2018-06-09,2018-06-11,2018-06-15,9343.0,18.48708973973348,19.972775421148587,2018,6,24,2,Summer,1.4856856814151058,0,0.9837913100924307,0.8109960052639793
2018-06-16,2018-06-18,2018-06-22,9256.0,17.58555509530193,18.57454726934275,2018,6,25,2,Summer,0.9889921740408205,0,0.8116652573419654,0.5549614165807334
2018-06-23,2018-06-25,2018-06-29,9212.0,24.124731789410028,26.4798569326442,2018,6,26,2,Summer,2.355125143234172,0,2.0601615625553626,2.0025311178794833
2018-06-30,2018-07-02,2018-07-06,9258.0,24.339718289846445,24.814370884935133,2018,7,27,3,Summer,0.4746525950886884,0,2.1012079914899817,1.6975579740959421
2018-07-07,2018-07-09,2018-07-13,9293.0,22.34282906289953,25.2525965786576,2018,7,28,3,Summer,2.9097675157580696,0,1.719950695902604,1.7778030579170283
2018-07-14,2018-07-16,2018-07-20,9127.0,22.052402803544577,23.75440476460978,2018,7,29,3,Summer,1.7020019610652035,0,1.6645008849090717,1.5034637633012478
2018-07-21,2018-07-23,2018-07-27,9141.0,24.39154633809741,27.25547887769396,2018,7,30,3,Summer,2.8639325395965507,0,2.1111032932649056,2.144558043469586
2018-07-28,2018-07-30,2018-08-03,9161.0,21.113581888211375,23.770239523129188,2018,7,31,3,Summer,2.6566576349178135,0,1.485255928107911,1.5063633229183095
2018-08-04,2018-08-06,2018-08-10,9319.0,20.851321062729003,23.54365975026284,2018,8,32,3,Summer,2.6923386875338373,0,1.4351836197832288,1.4648734853157301
2018-08-11,2018-08-13,2018-08-17,8830.0,19.09727086024568,20.56487904811559,2018,8,33,3,Summer,1.46760818786991,0,1.1002905132959246,0.9194182312022584
2018-08-18,2018-08-20,2018-08-24,8978.0,19.0282009305817,21.391671244352608,2018,8,34,3,Summer,2.3634703137709074,0,1.0871032947788712,1.0708151256337322
2018-08-25,2018-08-27,2018-08-31,7865.0,17.093606900686208,19.151458199279293,2018,8,35,3,Summer,2.0578512985930857,0,0.717739747745699,0.6606016530917797
2018-09-01,2018-09-03,2018-09-07,9445.0,18.16614665164945,21.480589085700775,2018,9,36,3,Autumn,3.314442434051326,0,0.9225150549305652,1.087097191551785
2018-09-08,2018-09-10,2018-09-14,9191.0,16.414341312289555,17.99219106543225,2018,9,37,3,Autumn,1.5778497531426972,0,0.5880505503065256,0.44832407635639887
2018-09-15,2018-09-17,2018-09-21,9305.0,16.99529162509951,19.657399345636684,2018,9,38,3,Autumn,2.662107720537172,0,0.6989688436918869,0.7532463571325638
2018-09-22,2018-09-24,2018-09-28,9150.0,14.919539163138538,18.64024435726604,2018,9,39,3,Autumn,3.720705194127504,0,0.3026545367806004,0.5669914467745916
2018-09-29,2018-10-01,2018-10-05,9503.0,14.233087927488189,16.12862662155903,2018,10,40,4,Autumn,1.89553869407084,0,0.17159341524968486,0.10708008462617079
2018-10-06,2018-10-08,2018-10-12,9649.0,15.68881306723843,20.21144916944517,2018,10,41,4,Autumn,4.522636102206741,0,0.44952862688297796,0.8547004142301996
2018-10-13,2018-10-15,2018-10-19,9864.0,14.107383375867457,17.6825695395132,2018,10,42,4,Autumn,3.5751861636457427,0,0.1475931969365144,0.39162816450983795
2018-10-20,2018-10-22,2018-10-26,9603.0,13.00085674625434,16.02319590593862,2018,10,43,4,Autumn,3.0223391596842806,0,-0.06367107581772348,0.08777428687521847
2018-10-27,2018-10-29,2018-11-02,9529.0,9.151939131705744,11.580090029130584,2018,10,44,4,Autumn,2.4281508974248407,0,-0.7985280227426157,-0.7258188196399403
2018-11-03,2018-11-05,2018-11-09,10151.0,12.04340481333772,13.237832501611791,2018,11,45,4,Autumn,1.1944276882740716,0,-0.2464731710329941,-0.4222636297831903
2018-11-10,2018-11-12,2018-11-16,10193.0,11.942276015345987,13.371817151363455,2018,11,46,4,Autumn,1.429541136017468,0,-0.26578124857081487,-0.39772921839637126
2018-11-17,2018-11-19,2018-11-23,9957.0,7.535175542973174,10.066273388984984,2018,11,47,4,Autumn,2.53109784601181,0,-1.1072095986289023,-1.0030192323915745
2018-11-24,2018-11-26,2018-11-30,10033.0,9.026078317835388,13.02107290545588,2018,11,48,4,Autumn,3.994994587620491,0,-0.8225580755212586,-0.4619552594884347
2018-12-01,2018-12-03,2018-12-07,10287.0,9.472902151658037,11.70177064282724,2018,12,49,4,Winter,2.2288684911692034,0,-0.7372479620766257,-0.7035374445737097
2018-12-08,2018-12-10,2018-12-14,10550.0,6.897541951826151,9.344422007377714,2018,12,50,4,Winter,2.4468800555515635,0,-1.2289501815595167,-1.1352000366055028
2018-12-15,2018-12-17,2018-12-21,11116.0,8.253081153685873,10.003043827867758,2018,12,51,4,Winter,1.7499626741818854,0,-0.9701430313232116,-1.014597424872081
2018-12-22,2018-12-24,2018-12-28,7131.0,8.750958840393912,10.253074509942795,2018,12,52,4,Winter,1.5021156695488838,0,-0.8750854298267954,-0.9688134068914711
2018-12-29,2018-12-31,2019-01-04,10955.0,10.346313302181697,10.929641446248034,2018,12,1,4,Winter,0.5833281440663374,0,-0.5704914045816302,-0.8449248004220095
2019-01-26,2019-01-28,2019-02-01,11297.0,2.470318464859134,2.470318464859134,2019,1,5,1,Winter,0.0,0,-2.0742205304724837,-2.393941874124443
2019-02-02,2019-02-04,2019-02-08,11660.0,7.449166199123328,9.611143453597252,2019,2,6,1,Winter,2.161977254473925,1,-1.1236309851479598,-1.0863597127373112
2019-02-09,2019-02-11,2019-02-15,11824.0,9.65618373470627,12.578174380333373,2019,2,7,1,Winter,2.921990645627103,1,-0.7022548138634023,-0.5430560022833089
2019-02-16,2019-02-18,2019-02-22,11295.0,11.388570072676064,13.5836583595749,2019,2,8,1,Winter,2.1950882868988355,0,-0.3714978939431555,-0.35893821240744966
2019-02-23,2019-02-25,2019-03-01,11044.0,11.902441969189304,16.120928777398678,2019,2,9,1,Winter,4.218486808209374,0,-0.2733865881685548,0.1056705046797238
2019-03-02,2019-03-04,2019-03-08,10898.0,9.22762823482756,11.032980154388005,2019,3,10,1,Spring,1.8053519195604455,0,-0.7840770344893625,-0.8260020776893109
2019-03-09,2019-03-11,2019-03-15,10567.0,8.898724179593382,10.639989428623783,2019,3,11,1,Spring,1.741265249030402,0,-0.8468732421678556,-0.8979640237404052
2019-03-16,2019-03-18,2019-03-22,10402.0,10.687101114365763,13.140194720474982,2019,3,12,1,Spring,2.453093606109219,0,-0.5054262833474966,-0.4401424352564041
2019-03-23,2019-03-25,2019-03-29,9867.0,11.456027124604336,13.215333576259058,2019,3,13,1,Spring,1.7593064516547212,0,-0.35861861509312537,-0.4263834889714512
2019-03-30,2019-04-01,2019-04-05,10126.0,11.297336230948602,12.318027967871872,2019,4,14,2,Spring,1.0206917369232702,0,-0.3889167709112286,-0.5906923480584807
2019-06-01,2019-06-03,2019-06-07,10140.0,16.670244534970156,19.74105705963952,2019,6,23,2,Summer,3.070812524669364,0,0.6369090294323154,0.7685652222027839
2019-06-08,2019-06-10,2019-06-14,9445.0,14.23898831541265,15.955452824069194,2019,6,24,2,Summer,1.7164645086565447,0,0.1727199504188068,0.07536960736696129
2019-06-15,2019-06-17,2019-06-21,9458.0,16.962570484150287,17.572295550869686,2019,6,25,2,Summer,0.609725066719399,0,0.692721539866272,0.3714354976061297
2019-06-22,2019-06-24,2019-06-28,9511.0,20.170364998544148,23.460120142684307,2019,6,26,2,Summer,3.289755144140159,0,1.3051716672214535,1.4495762471378941
2019-06-29,2019-07-01,2019-07-05,9062.0,20.630986209574974,25.17146639069748,2019,7,27,3,Summer,4.540480181122504,0,1.3931160533386029,1.7629470172363022
2019-07-06,2019-07-08,2019-07-12,9179.0,19.778480213380305,21.25191545069844,2019,7,28,3,Summer,1.4734352373181352,0,1.2303508252051734,1.0452239393183
2019-07-13,2019-07-15,2019-07-19,9080.0,20.26046725317264,22.499450697564352,2019,7,29,3,Summer,2.238983444391714,0,1.3223744952313503,1.2736646078791778
2019-07-20,2019-07-22,2019-07-26,9112.0,24.107816615519333,29.381227708895704,2019,7,30,3,Summer,5.273411093376371,0,2.056932022646523,2.53381156188695
2019-07-27,2019-07-29,2019-08-02,9271.0,21.08665670276269,22.268723050693897,2019,7,31,3,Summer,1.1820663479312081,0,1.4801152206270811,1.2314152381407448
2019-08-03,2019-08-05,2019-08-09,9122.0,20.83083356735818,22.060685483607987,2019,8,32,3,Summer,1.2298519162498067,0,1.4312720322134058,1.19332073056649
2019-08-10,2019-08-12,2019-08-16,9093.0,17.826548612612306,19.42935255521577,2019,8,33,3,Summer,1.6028039426034653,0,0.8576770918613602,0.7114878886662097
2019-08-17,2019-08-19,2019-08-23,8994.0,18.96657033633688,22.18542824345058,2019,8,34,3,Summer,3.2188579071137013,0,1.075336435921533,1.2161628262332538
2019-08-24,2019-08-26,2019-08-30,8242.0,22.305840605334915,26.506566213064723,2019,8,35,3,Summer,4.200725607729808,0,1.7128886520452216,2.007421950336019
2019-08-31,2019-09-02,2019-09-06,9695.0,17.19573843641612,18.373816647270303,2019,9,36,3,Autumn,1.1780782108541814,0,0.7372392735987711,0.518204910003409
2019-09-07,2019-09-09,2019-09-13,9513.0,16.92805077130262,18.724746379036574,2019,9,37,3,Autumn,1.7966956077339553,0,0.6861308426021695,0.5824649160785663
2019-09-14,2019-09-16,2019-09-20,9440.0,17.922106026558897,20.460380200916795,2019,9,38,3,Autumn,2.5382741743578983,0,0.8759214494967119,0.9002830712315042
2019-09-21,2019-09-23,2019-09-27,9517.0,17.904180234300803,21.5795517825893,2019,9,39,3,Autumn,3.6753715482884957,0,0.8724989566586734,1.105218607116272
2019-09-28,2019-09-30,2019-10-04,9799.0,14.282452022367742,16.227019324147157,2019,9,40,3,Autumn,1.944567301779415,0,0.18101828522190275,0.12509712648307278
2019-10-05,2019-10-07,2019-10-11,9973.0,13.810663129430727,14.159557234781191,2019,10,41,4,Autumn,0.34889410535046395,0,0.09094170261429331,-0.25348329688014265
2019-10-12,2019-10-14,2019-10-18,10156.0,13.001238250371705,13.56627283644652,2019,10,42,4,Autumn,0.565034586074816,0,-0.06359823691104864,-0.3621217381127994
2019-10-19,2019-10-21,2019-10-25,10021.0,11.70671269238559,12.702976935588298,2019,10,43,4,Autumn,0.9962642432027078,0,-0.3107563199165448,-0.520202957263407
2019-10-26,2019-10-28,2019-11-01,10164.0,11.235515484847165,12.700752252962808,2019,10,44,4,Autumn,1.465236768115643,0,-0.4007199346279582,-0.5206103269049298
2019-11-02,2019-11-04,2019-11-08,10697.0,9.185876846967954,10.977845800300177,2019,11,45,4,Autumn,1.7919689533322227,0,-0.7920484437230686,-0.836097927678429
2019-11-09,2019-11-11,2019-11-15,10650.0,6.708555703035911,7.448742388482073,2019,11,46,4,Autumn,0.7401866854461625,0,-1.2650324965646071,-1.4823247536070219
2019-11-16,2019-11-18,2019-11-22,10882.0,6.930599841384718,8.036922421669658,2019,11,47,4,Autumn,1.1063225802849397,0,-1.2226385837999378,-1.374620991045536
2019-11-23,2019-11-25,2019-11-29,10958.0,8.873772401882775,10.820299168838131,2019,11,48,4,Autumn,1.9465267669553565,0,-0.8516371755707054,-0.8649468583287805
2019-11-30,2019-12-02,2019-12-06,10816.0,6.425853690374453,11.018455140866488,2019,12,49,4,Winter,4.592601450492035,0,-1.3190075510393147,-0.8286618051864273
2019-12-07,2019-12-09,2019-12-13,11188.0,8.260780281270309,11.488248625837386,2019,12,50,4,Winter,3.227468344567077,0,-0.9686730706856291,-0.7426362295067755
2019-12-14,2019-12-16,2019-12-20,11926.0,7.083256944013493,10.085137784076329,2019,12,51,4,Winter,3.001880840062836,1,-1.1934924332197991,-0.9995649051190669
2019-12-21,2019-12-23,2019-12-27,7533.0,7.715282536415766,9.48663054458308,2019,12,52,4,Winter,1.7713480081673145,0,-1.0728225608755448,-1.1091597195917182
2019-12-28,2019-12-30,2020-01-03,12254.0,8.645032375270587,9.94908854672719,2019,12,1,4,Winter,1.3040561714566028,1,-0.8953095048926893,-1.0244773705706947
2020-01-04,2020-01-06,2020-01-10,14058.0,9.125596169929516,12.393928585310675,2020,1,2,1,Winter,3.2683324153811597,1,-0.8035575688130915,-0.5767939128555776
2020-01-11,2020-01-13,2020-01-17,12990.0,8.517623859398691,10.106284020685983,2020,1,3,1,Winter,1.588660161287292,1,-0.919635053621493,-0.9956927416344747
2020-01-18,2020-01-20,2020-01-24,11856.0,7.507954764386647,9.266434473593122,2020,1,4,1,Winter,1.7584797092064752,1,-1.1124067424101571,-1.1494806145706729
2020-01-25,2020-01-27,2020-01-31,11612.0,8.030950751648984,11.034343979105351,2020,1,5,1,Winter,3.0033932274563675,1,-1.012553414035228,-0.8257523428373192
2020-02-01,2020-02-03,2020-02-07,10986.0,8.625432002148653,9.541066983880748,2020,2,6,1,Winter,0.9156349817320955,0,-0.8990517181051856,-1.0991916672914137
2020-02-08,2020-02-10,2020-02-14,10944.0,7.746428209530161,10.801692428423673,2020,2,7,1,Winter,3.0552642188935115,0,-1.066876054208774,-0.8683540055261811
2020-02-15,2020-02-17,2020-02-21,10841.0,8.801791290138716,10.720305967200664,2020,2,8,1,Winter,1.918514677061948,0,-0.8653802133048872,-0.8832569733263256
2020-02-22,2020-02-24,2020-02-28,10816.0,7.472843874458477,9.162834679757928,2020,2,9,1,Winter,1.689990805299451,0,-1.1191103105195144,-1.1684511456445934
2020-02-29,2020-03-02,2020-03-06,10895.0,6.873134516025603,8.420710074959588,2020,3,10,1,Spring,1.5475755589339855,0,-1.2336101861506412,-1.304344252714322
2020-03-07,2020-03-09,2020-03-13,11019.0,9.806083798305933,11.26554372479619,2020,3,11,1,Spring,1.4594599264902577,0,-0.6736350526442174,-0.7834165253849432
2020-03-14,2020-03-16,2020-03-20,10645.0,9.215178151104192,10.967711330642372,2020,3,12,1,Spring,1.7525331795381796,0,-0.7864540743302078,-0.8379536868884032
2020-03-21,2020-03-23,2020-03-27,11141.0,11.044224369711031,13.316412411762265,2020,3,13,1,Spring,2.2721880420512335,0,-0.43724230764821914,-0.4078745796498779
2020-03-28,2020-03-30,2020-04-03,16387.0,9.301147220587051,10.32091963485994,2020,3,14,1,Spring,1.0197724142728894,1,-0.7700403772192715,-0.9563900419135237
2020-04-04,2020-04-06,2020-04-10,18516.0,15.892410426889386,19.23471024007464,2020,4,15,2,Spring,3.342299813185255,1,0.48840057715531915,0.6758462338810796
2020-04-11,2020-04-13,2020-04-17,22351.0,14.414042560361516,19.09336115128074,2020,4,16,2,Spring,4.679318590919223,1,0.2061422890791922,0.6499632935588167
2020-04-18,2020-04-20,2020-04-24,21997.0,15.959115747319824,18.525670805124744,2020,4,17,2,Spring,2.566555057804919,1,0.5011363312098801,0.5460114713259573
2020-04-25,2020-04-27,2020-05-01,17953.0,12.9543876895736,16.62509240508719,2020,4,18,2,Spring,3.6707047155135903,1,-0.07254320885320634,0.19798972088029038
2020-05-02,2020-05-04,2020-05-08,12657.0,15.74017796593667,18.939701259115218,2020,5,19,2,Spring,3.1995232931785473,1,0.4593355015466027,0.6218260777282671
2020-05-09,2020-05-11,2020-05-15,14573.0,13.131579878197831,20.00206099245064,2020,5,20,2,Spring,6.87048111425281,1,-0.03871268199049692,0.8163585916151348
2020-05-16,2020-05-18,2020-05-22,12288.0,17.929225030664362,22.55323358139221,2020,5,21,2,Spring,4.624008550727847,1,0.8772806497046648,1.283512985285454
2020-05-23,2020-05-25,2020-05-29,9824.0,19.50689603331677,22.756554608313284,2020,5,22,2,Spring,3.249658574996513,0,1.1784984497112916,1.320743830216705
2020-05-30,2020-06-01,2020-06-05,10709.0,19.722334321627017,22.89363237129836,2020,6,23,2,Summer,3.1712980496713428,0,1.219631136521726,1.345844632698886
2020-06-06,2020-06-08,2020-06-12,9976.0,15.182567523287762,17.708518573110364,2020,6,24,2,Summer,2.525951049822602,0,0.352873387130451,0.3963797854346471
2020-06-13,2020-06-15,2020-06-19,9339.0,19.61610437333508,20.96123985193911,2020,6,25,2,Summer,1.3451354786040284,0,1.199349118746462,0.9919972843746965
2020-06-20,2020-06-22,2020-06-26,8979.0,22.12182622880753,26.99605924152238,2020,6,26,2,Summer,4.87423301271485,0,1.677755594789316,2.097054780316313
2020-06-27,2020-06-29,2020-07-03,9140.0,16.73643404877417,18.669993767437404,2020,6,27,2,Summer,1.9335597186632327,0,0.649546302791612,0.5724389683303238
2020-07-04,2020-07-06,2020-07-10,8690.0,16.553430994033818,16.97824990645594,2020,7,28,3,Summer,0.424818912422122,0,0.6146063327657278,0.2626576618644358
2020-07-11,2020-07-13,2020-07-17,8823.0,18.72449890601245,20.663724861794638,2020,7,29,3,Summer,1.939225955782188,0,1.029118800201415,0.9375182438616304
2020-07-18,2020-07-20,2020-07-24,8891.0,18.794060821105745,20.07601128233957,2020,7,30,3,Summer,1.2819504612338264,0,1.0423999513371227,0.8298998953217337
2020-07-25,2020-07-27,2020-07-31,8946.0,20.06995721449254,27.709900909343556,2020,7,31,3,Summer,7.639943694851016,0,1.2860012497106301,2.2277688970142986
2020-08-01,2020-08-03,2020-08-07,8945.0,20.56340145406808,25.463848191222777,2020,8,32,3,Summer,4.900446737154695,0,1.3802123926048084,1.8164861009253832
2020-08-08,2020-08-10,2020-08-14,9392.0,24.0884750173212,27.469522040534446,2020,8,33,3,Summer,3.3810470232132452,0,2.0532392161944437,2.1837522572948096
2020-08-15,2020-08-17,2020-08-21,9631.0,20.141512261711352,21.132408382137,2020,8,34,3,Summer,0.9908961204256492,0,1.2996629408150395,1.0233405699237195
2020-08-22,2020-08-24,2020-08-28,9032.0,17.158360051546673,18.598602157803303,2020,8,35,3,Summer,1.4402421062566297,0,0.7301027826325003,0.5593661937731138
2020-08-29,2020-08-31,2020-09-04,7739.0,16.536395966273084,18.290213658924262,2020,8,36,3,Summer,1.7538176926511788,0,0.6113539096835305,0.502896065945146
2020-09-05,2020-09-07,2020-09-11,9811.0,17.245500279729765,20.695545116782217,2020,9,37,3,Autumn,3.4500448370524524,0,0.7467400839337586,0.9433449652640129
2020-09-12,2020-09-14,2020-09-18,9523.0,20.17983771393994,23.567388622686384,2020,9,38,3,Autumn,3.3875509087464444,0,1.306980251195433,1.4692185645383398
2020-09-19,2020-09-21,2020-09-25,9634.0,16.38699165833156,19.68704592052248,2020,9,39,3,Autumn,3.300054262190919,0,0.5828288009162412,0.7586750481490824
2020-09-26,2020-09-28,2020-10-02,9945.0,13.59784382342885,15.64589385268678,2020,9,40,3,Autumn,2.048050029257931,0,0.050309046601063494,0.018685150106719325
2020-10-03,2020-10-05,2020-10-09,9954.0,13.22674032281918,14.256870266643237,2020,10,41,4,Autumn,1.0301299438240559,0,-0.020544115966081907,-0.2356639574153067
2020-10-10,2020-10-12,2020-10-16,10534.0,11.898890439713725,13.2065507437835,2020,10,42,4,Autumn,1.3076603040697758,0,-0.27406466610336777,-0.4279917450328449
2020-10-17,2020-10-19,2020-10-23,10739.0,12.46023723681368,14.882756865128284,2020,10,43,4,Autumn,2.422519628314605,0,-0.16688918593104957,-0.12105560998752013
2020-10-24,2020-10-26,2020-10-30,10887.0,12.01537869110098,13.948323346153376,2020,10,44,4,Autumn,1.9329446550523972,0,-0.2518240755426637,-0.2921630943945439
2020-10-31,2020-11-02,2020-11-06,11812.0,12.608350615411837,13.92731717329804,2020,11,45,4,Autumn,1.3189665578862027,1,-0.1386105486372924,-0.2960096103010354
2020-11-07,2020-11-09,2020-11-13,12254.0,12.007550372484037,13.426528804983246,2020,11,46,4,Autumn,1.418978432499209,1,-0.2533187020570523,-0.3877107706111285
2020-11-14,2020-11-16,2020-11-20,12535.0,11.6069551175149,13.653162464501047,2020,11,47,4,Autumn,2.0462073469861473,1,-0.3298025958422778,-0.3462110656298795
2020-11-21,2020-11-23,2020-11-27,12456.0,9.113835828788186,10.72394962416261,2020,11,48,4,Autumn,1.6101137953744242,1,-0.805802919130086,-0.882589770187589
2020-11-28,2020-11-30,2020-12-04,12303.0,7.44967152030004,9.496101687551413,2020,11,49,4,Autumn,2.0464301672513727,1,-1.123534506393587,-1.1074254245189683
2020-12-05,2020-12-07,2020-12-11,12292.0,6.12741036240709,8.451602733709157,2020,12,50,4,Winter,2.3241923713020665,1,-1.3759880257554307,-1.298687386797224
2020-12-12,2020-12-14,2020-12-18,13011.0,9.686651390185943,11.688336842929704,2020,12,51,4,Winter,2.001685452743761,1,-0.6964377581277527,-0.7059973560171866
2020-12-19,2020-12-21,2020-12-25,11520.0,7.465456122511246,9.47377043974386,2020,12,52,4,Winter,2.008314317232613,1,-1.1205208215733389,-1.1115145796685098
2020-12-26,2020-12-28,2021-01-01,10069.0,3.8632185113901114,8.06090531416075,2020,12,53,4,Winter,4.197686802770639,0,-1.8082802381429635,-1.3702293972942152
2021-01-02,2021-01-04,2021-01-08,17751.0,2.8532891744485256,3.645063291108919,2021,1,1,1,Winter,0.7917741166603935,1,-2.001101613781011,-2.1788301214335974
2021-01-09,2021-01-11,2021-01-15,18042.0,5.57036356810397,8.18362371513282,2021,1,2,1,Winter,2.61326014702885,1,-1.482342525266821,-1.3477579892652969
2021-01-16,2021-01-18,2021-01-22,18676.0,6.670256167050512,7.899253520403328,2021,1,3,1,Winter,1.228997353352816,1,-1.2723448588704371,-1.3998300389857279
2021-01-23,2021-01-25,2021-01-29,18448.0,5.451698129243064,8.265222356672023,2021,1,4,1,Winter,2.8135242274289594,1,-1.5049987966760117,-1.3328161683638802
2021-01-30,2021-02-01,2021-02-05,17192.0,4.639468420834554,6.955389959368408,2021,2,5,1,Winter,2.3159215385338543,1,-1.660074249958421,-1.5726642923302694
2021-02-06,2021-02-08,2021-02-12,15354.0,1.4939319027400262,4.813999467491704,2021,2,6,1,Winter,3.3200675647516777,1,-2.260637731335716,-1.9647820115234964
2021-02-13,2021-02-15,2021-02-19,13809.0,8.176936267602471,10.25145165733379,2021,2,7,1,Winter,2.074515389731319,1,-0.9846810402168508,-0.9691105732728684
2021-02-20,2021-02-22,2021-02-26,12614.0,11.005921774803566,12.225999816548962,2021,2,8,1,Winter,1.2200780417453956,1,-0.4445552539806134,-0.6075439540290869
2021-02-27,2021-03-01,2021-03-05,11592.0,8.510419594148614,10.829675834320138,2021,3,9,1,Spring,2.3192562401715247,1,-0.9210105323655685,-0.8632298633685479
2021-03-06,2021-03-08,2021-03-12,10987.0,8.326639098898221,10.168998471408166,2021,3,10,1,Spring,1.8423593725099447,0,-0.956098935695783,-0.984208872872133
2021-03-13,2021-03-15,2021-03-19,10311.0,10.442328643144558,12.479574131864624,2021,3,11,1,Spring,2.0372454887200657,0,-0.5521596169509417,-0.561111048613307
2021-03-20,2021-03-22,2021-03-26,10045.0,10.640065800263926,11.54950323693413,2021,3,12,1,Spring,0.9094374366702045,0,-0.5144065294270384,-0.7314196772317751
2021-03-27,2021-03-29,2021-04-02,8201.0,12.15645071450193,17.539236471174465,2021,3,13,1,Spring,5.382785756672536,0,-0.22488981329161334,0.36538193055337026
2021-04-03,2021-04-05,2021-04-09,9098.0,8.60980641619438,12.1589522684393,2021,4,14,2,Spring,3.549145852244921,0,-0.9020350426494332,-0.619821271847575
2021-04-10,2021-04-12,2021-04-16,10438.0,9.792806444152536,11.626957314427049,2021,4,15,2,Spring,1.834150870274513,0,-0.6761700395973091,-0.7172367823679237
2021-04-17,2021-04-19,2021-04-23,9941.0,13.683955741724676,15.85875330723513,2021,4,16,2,Spring,2.1747975655104543,0,0.06675001720888407,0.057662610846756474
2021-04-24,2021-04-26,2021-04-30,9692.0,11.793398069956618,15.115999673664392,2021,4,17,2,Spring,3.322601603707774,0,-0.2942058612462706,-0.07834567994517302
2021-05-01,2021-05-03,2021-05-07,7986.0,10.346944375352248,11.506005408058346,2021,5,18,2,Spring,1.1590610327060986,0,-0.5703709165510097,-0.7393847212129324
2021-05-08,2021-05-10,2021-05-14,10164.0,13.806360018531551,15.395290411171374,2021,5,19,2,Spring,1.5889303926398224,0,0.09012012853702672,-0.027203747916207322
2021-05-15,2021-05-17,2021-05-21,9860.0,13.175384250961423,14.570364885570838,2021,5,20,2,Spring,1.3949806346094142,0,-0.030349305359794864,-0.17825882956984382
2021-05-22,2021-05-24,2021-05-28,9628.0,13.8553140086379,17.08651079170516,2021,5,21,2,Spring,3.2311967830672597,0,0.09946669900488055,0.28248170216105617
2021-05-29,2021-05-31,2021-06-04,7778.0,19.99444273438385,22.075762630776914,2021,5,22,2,Spring,2.0813198963930652,0,1.271583601462838,1.1960815612427478
2021-06-05,2021-06-07,2021-06-11,10204.0,19.655077305473625,20.51275646592853,2021,6,23,2,Summer,0.8576791604549037,0,1.2067900496242203,0.9098738776043587
2021-06-12,2021-06-14,2021-06-18,9459.0,19.464596045914444,22.583868329494518,2021,6,24,2,Summer,3.1192722835800737,0,1.170422298774743,1.289122624255789
2021-06-19,2021-06-21,2021-06-25,8690.0,16.745396349356586,18.884955515880332,2021,6,25,2,Summer,2.139559166523746,0,0.6512574355055266,0.611801387670926
2021-06-26,2021-06-28,2021-07-02,8808.0,19.48694809745845,20.48362201319207,2021,6,26,2,Summer,0.99667391573362,0,1.1746898778710186,0.9045389631175798
2021-07-03,2021-07-05,2021-07-09,9752.0,19.13909723786689,19.870265790188057,2021,7,27,3,Summer,0.7311685523211686,0,1.1082762399956774,0.7922250978372097
2021-07-10,2021-07-12,2021-07-16,9697.0,20.992304555004743,23.995172037291493,2021,7,28,3,Summer,3.0028674822867494,0,1.4621009791751134,1.5475515250515988
2021-07-17,2021-07-19,2021-07-23,9744.0,25.4525760587928,26.514293826066968,2021,7,29,3,Summer,1.0617177672741676,0,2.3136810408892154,2.008836981362234
2021-07-24,2021-07-26,2021-07-30,10135.0,20.13682098005973,22.908759514180225,2021,7,30,3,Summer,2.771938534120494,0,1.2987672549997225,1.3486146182700598
2021-07-31,2021-08-02,2021-08-06,10187.0,18.427358710603784,21.045839906434647,2021,8,31,3,Summer,2.6184811958308636,0,0.9723871268651733,1.0074887048037378
2021-08-07,2021-08-09,2021-08-13,10372.0,19.12216086096229,20.07794849524381,2021,8,32,3,Summer,0.9557876342815206,0,1.1050426518884549,0.8302546253480801
2021-08-14,2021-08-16,2021-08-20,10013.0,18.463931532616723,19.50578417587554,2021,8,33,3,Summer,1.0418526432588173,0,0.9793698152509334,0.725483557779826
2021-08-21,2021-08-23,2021-08-27,10268.0,19.86511834760714,21.29751341576661,2021,8,34,3,Summer,1.4323950681594688,0,1.2468922639110958,1.0535735467954086
2021-08-28,2021-08-30,2021-09-03,8797.0,17.666878220505914,20.173273797064645,2021,8,35,3,Summer,2.506395576558731,0,0.8271919247031734,0.8477099844118227
2021-09-04,2021-09-06,2021-09-10,11035.0,21.920375592001868,25.76920983198744,2021,9,36,3,Autumn,3.848834239985571,0,1.6392935088876806,1.8724019698712677
2021-09-11,2021-09-13,2021-09-17,11009.0,18.279354459655774,19.529192026827552,2021,9,37,3,Autumn,1.2498375671717774,0,0.9441293248346885,0.7297698536055227
2021-09-18,2021-09-20,2021-09-24,10684.0,18.80093726063433,19.86508417339329,2021,9,38,3,Autumn,1.0641469127589573,0,1.0437128397550484,0.7912762733388263
2021-09-25,2021-09-27,2021-10-01,10510.0,14.979712149715994,19.479646199722215,2021,9,39,3,Autumn,4.499934050006221,0,0.3141431010035703,0.7206973389036103
2021-10-02,2021-10-04,2021-10-08,10807.0,14.860585470387008,17.899849358157798,2021,10,40,4,Autumn,3.0392638877707903,0,0.29139876697623207,0.4314150540271113
2021-10-09,2021-10-11,2021-10-15,11177.0,14.531634165997616,16.384650138917678,2021,10,41,4,Autumn,1.853015972920062,0,0.22859353822391446,0.1539614722419898
2021-10-16,2021-10-18,2021-10-22,11308.0,13.951610435123328,17.113454307936724,2021,10,42,4,Autumn,3.161843872813396,0,0.11785215306068499,0.28741542637989675
2021-10-23,2021-10-25,2021-10-29,10987.0,13.802426030667908,15.309674005876868,2021,10,43,4,Autumn,1.5072479752089603,0,0.08936902950082261,-0.04288127599759071
2021-10-30,2021-11-01,2021-11-05,11550.0,11.759418081298564,11.944175437767582,2021,11,44,4,Autumn,0.18475735646901725,1,-0.30069351133974453,-0.659149830229627
2021-11-27,2021-11-29,2021-12-03,11659.0,6.885739167737899,7.604460358323895,2021,11,48,4,Autumn,0.7187211905859963,1,-1.2312036353220814,-1.4538106757667575
2021-12-04,2021-12-06,2021-12-10,11930.0,6.18308915769603,6.954174054953502,2021,12,49,4,Winter,0.771084897257472,1,-1.3653575177497963,-1.5728869409633601
2021-12-11,2021-12-13,2021-12-17,12400.0,10.17047176554465,12.080043935531377,2021,12,50,4,Winter,1.9095721699867259,1,-0.6040640573885507,-0.6342704606538996
2021-12-18,2021-12-20,2021-12-24,13013.0,6.098081834373381,8.820372558778603,2021,12,51,4,Winter,2.722290724405222,1,-1.3815875928875478,-1.2311606170361475
2021-12-25,2021-12-27,2021-12-31,8477.0,9.576369587406534,13.308329959093845,2021,12,52,4,Winter,3.731960371687311,0,-0.7174933786963823,-0.4093545866443288
2022-01-01,2022-01-03,2022-01-07,12262.0,7.507049908011565,13.198263224786896,2022,1,1,1,Winter,5.691213316775331,1,-1.1125795026663614,-0.42950930246062224
2022-01-08,2022-01-10,2022-01-14,13311.0,8.132306652111756,9.112586829449407,2022,1,2,1,Winter,0.9802801773376508,1,-0.993201976819383,-1.177652210341613
2022-01-15,2022-01-17,2022-01-21,12776.0,7.133793460941762,8.389810139180314,2022,1,3,1,Winter,1.2560166782385522,1,-1.1838437178516783,-1.3100024511545176
2022-01-22,2022-01-24,2022-01-28,12401.0,7.65898774770986,10.50368490192369,2022,1,4,1,Winter,2.8446971542138293,1,-1.0835706778006342,-0.9229232361437965
2022-01-29,2022-01-31,2022-02-04,11862.0,9.218852890640097,10.94253796706504,2022,1,5,1,Winter,1.7236850764249425,1,-0.7857524724393562,-0.8425632720844758
2022-02-05,2022-02-07,2022-02-11,11558.0,8.165417124856415,10.196720372123387,2022,2,6,1,Winter,2.0313032472669725,1,-0.9868803395828758,-0.9791326158693165
2022-02-12,2022-02-14,2022-02-18,11271.0,8.644889028560664,11.34174983852116,2022,2,7,1,Winter,2.696860809960496,0,-0.8953368734508542,-0.7694621496576901
2022-02-19,2022-02-21,2022-02-25,11150.0,8.948268207072537,10.13708976292547,2022,2,8,1,Winter,1.1888215558529325,0,-0.8374140184541349,-0.9900517913123241
2022-02-26,2022-02-28,2022-03-04,11225.0,8.728047380974484,9.55537843581154,2022,2,9,1,Winter,0.8273310548370567,0,-0.8794598142134377,-1.0965710458257194
2022-03-05,2022-03-07,2022-03-11,11227.0,9.175251265998869,11.519199206067638,2022,3,10,1,Spring,2.3439479400687695,0,-0.7940771392609337,-0.7369687573789072
2022-03-12,2022-03-14,2022-03-18,10927.0,10.997901673997022,13.464465127098592,2022,3,11,1,Spring,2.4665634531015694,0,-0.4460864966267145,-0.38076411414707917
2022-03-19,2022-03-21,2022-03-25,10745.0,14.662466606019482,17.141118925729202,2022,3,12,1,Spring,2.4786523197097203,0,0.2535728017627829,0.29248119410058554
2022-03-26,2022-03-28,2022-04-01,9840.0,9.48214344638524,16.164110221354054,2022,3,13,1,Spring,6.681966774968814,0,-0.7354835622351751,0.11357761427953013
2022-04-02,2022-04-04,2022-04-08,10687.0,10.075030315470142,11.785987561284855,2022,4,14,2,Spring,1.710957245814713,0,-0.622286274550781,-0.688116181563365
2022-04-09,2022-04-11,2022-04-15,9919.0,13.084900471357203,16.475893378778892,2022,4,15,2,Spring,3.3909929074216887,0,-0.04762497625876274,0.17066935025018254
2022-04-16,2022-04-18,2022-04-22,10680.0,15.224414426215366,16.790072299529363,2022,4,16,2,Spring,1.565657873313997,0,0.3608630326368665,0.2281997830650294
2022-04-23,2022-04-25,2022-04-29,12441.0,12.984324807803576,14.64820121204886,2022,4,17,2,Spring,1.6638764042452845,1,-0.06682744626606939,-0.1640059397187297
2022-04-30,2022-05-02,2022-05-06,9941.0,14.398762640759918,16.78568294252068,2022,5,18,2,Spring,2.386920301760762,0,0.20322496109450236,0.22739603210718262
2022-05-07,2022-05-09,2022-05-13,12048.0,15.765865835013178,17.249546391599946,2022,5,19,2,Spring,1.4836805565867675,1,0.46423997364317754,0.31233573757428723
2022-05-14,2022-05-16,2022-05-20,11520.0,17.96707367601891,19.49556299183505,2022,5,20,2,Spring,1.5284893158161417,1,0.8845069254413429,0.7236119199871792
2022-05-21,2022-05-23,2022-05-27,10860.0,15.947249077029833,17.791593231283457,2022,5,21,2,Spring,1.8443441542536245,0,0.498870679935219,0.4115918850536388
2022-05-28,2022-05-30,2022-06-03,6825.0,15.915645995331769,18.466789839141985,2022,5,22,2,Spring,2.551143843810216,0,0.4928368422551727,0.5352295657498197
2022-06-04,2022-06-06,2022-06-10,11742.0,17.436431613023274,19.1653942050539,2022,6,23,2,Summer,1.7289625920306264,1,0.7831937653859199,0.663153525260696
2022-06-11,2022-06-13,2022-06-17,10844.0,19.519369177186075,23.4406305308958,2022,6,24,2,Summer,3.921261353709724,0,1.1808798923245876,1.4460074341860005
2022-06-18,2022-06-20,2022-06-24,10836.0,19.808644640610886,22.72401158721936,2022,6,25,2,Summer,2.915366946608472,0,1.2361099869021177,1.3147847605115697
2022-06-25,2022-06-27,2022-07-01,10357.0,17.91824610381242,18.836716327535505,2022,6,26,2,Summer,0.9184702237230837,0,0.8751844913882507,0.6029681362946538
2022-07-02,2022-07-04,2022-07-08,10232.0,19.156836906058352,22.156293087611783,2022,7,27,3,Summer,2.9994561815534304,0,1.111663196982588,1.2108277829988754
2022-07-09,2022-07-11,2022-07-15,10515.0,22.394162605682773,25.68985980885877,2022,7,28,3,Summer,3.2956972031759975,0,1.729751583919002,1.857871901579111
2022-07-16,2022-07-18,2022-07-22,10978.0,24.54290681857767,31.358437123195703,2022,7,29,3,Summer,6.815530304618033,0,2.1400018854692116,2.8958654931263776
2022-07-23,2022-07-25,2022-07-29,11013.0,20.211352977921194,22.19251553847359,2022,7,30,3,Summer,1.981162560552395,0,1.3129973222242481,1.2174606063299778
2022-07-30,2022-08-01,2022-08-05,10698.0,20.74989796519363,22.667264248715632,2022,8,31,3,Summer,1.9173662835220036,0,1.4158193529252456,1.3043935511414069
2022-08-06,2022-08-08,2022-08-12,10355.0,24.60376159038234,27.89549102386725,2022,8,32,3,Summer,3.2917294334849103,0,2.151620619953201,2.2617529707682
2022-08-13,2022-08-15,2022-08-19,10982.0,22.42871686842785,28.457636148265077,2022,8,33,3,Summer,6.028919279837229,0,1.7363488776433742,2.364689387489322
2022-08-20,2022-08-22,2022-08-26,10942.0,20.5363960157956,22.50210061015515,2022,8,34,3,Summer,1.9657045943595506,0,1.3750563628045676,1.2741498429099238
2022-08-27,2022-08-29,2022-09-02,8868.0,20.82486746123646,21.539085322080847,2022,8,35,3,Summer,0.7142178608443857,0,1.4301329497573243,1.0978086479058478
2022-09-03,2022-09-05,2022-09-09,10753.0,19.94343200889412,21.59963832936384,2022,9,36,3,Autumn,1.656206320469721,0,1.2618443475354189,1.1088967269816492
2022-09-10,2022-09-12,2022-09-16,10673.0,17.72280764817621,19.82092144875949,2022,9,37,3,Autumn,2.0981138005832776,0,0.8378702848493338,0.7831894779026572
2022-09-17,2022-09-19,2022-09-23,8751.0,16.6443616187442,18.093559192347943,2022,9,38,3,Autumn,1.449197573603744,0,0.6319673178395746,0.46688595886958556
2022-09-24,2022-09-26,2022-09-30,10960.0,14.308699242141005,15.585931350771665,2022,9,39,3,Autumn,1.2772321086306597,0,0.18602955169197197,0.007705200593882565
2022-10-01,2022-10-03,2022-10-07,11207.0,15.687084037283688,16.25621579967243,2022,10,40,4,Autumn,0.5691317623887411,0,0.449198510782576,0.13044339818591244
2022-10-08,2022-10-10,2022-10-14,11699.0,14.119494695063963,14.85430388631597,2022,10,41,4,Autumn,0.7348091912520065,1,0.1499055579531119,-0.12626573733162733
2022-10-15,2022-10-17,2022-10-21,11938.0,14.241903368418711,15.247970699176948,2022,10,42,4,Autumn,1.0060673307582366,1,0.173276508694843,-0.05417999053921013
2022-10-22,2022-10-24,2022-10-28,11245.0,15.615073527598083,16.706127759730617,2022,10,43,4,Autumn,1.0910542321325334,0,0.43544986022844484,0.21282839629111963
2022-10-29,2022-10-31,2022-11-04,11795.0,13.543238044035377,16.4848216950233,2022,10,44,4,Autumn,2.9415836509879227,1,0.039883404810794144,0.1723042463680432
2022-11-05,2022-11-07,2022-11-11,11538.0,13.29907807279486,15.511854683468515,2022,11,45,4,Autumn,2.2127766106736555,1,-0.0067329868596518044,-0.005859244535828466
2022-11-12,2022-11-14,2022-11-18,11579.0,11.535518399490297,14.363437598028112,2022,11,46,4,Autumn,2.827919198537815,1,-0.3434416948729936,-0.2161500298613816
2022-11-19,2022-11-21,2022-11-25,11483.0,9.18864953688097,10.9245198526095,2022,11,47,4,Autumn,1.7358703157285298,0,-0.7915190662075441,-0.8458626338642495
2022-11-26,2022-11-28,2022-12-02,11307.0,8.171933419170646,11.9099245181134,2022,11,48,4,Autumn,3.7379910989427536,0,-0.9856362121100196,-0.6654216393863485
2022-12-03,2022-12-05,2022-12-09,11694.0,4.551026543318383,6.292289681990062,2022,12,49,4,Winter,1.7412631386716786,1,-1.676960069453796,-1.6940869704211385
2022-12-10,2022-12-12,2022-12-16,12389.0,1.2845713054163712,2.6828101547076826,2022,12,50,4,Winter,1.3982388492913114,1,-2.300610031281574,-2.3550317561020617
2022-12-17,2022-12-19,2022-12-23,14530.0,8.596811182942362,12.268984158426958,2022,12,51,4,Winter,3.672172975484596,1,-0.9045161654970767,-0.5996729364999812
2022-12-24,2022-12-26,2022-12-30,9517.0,8.347984319766267,9.706987506165223,2022,12,52,4,Winter,1.3590031863989562,0,-0.952023586361404,-1.0688093633574316
2022-12-31,2023-01-02,2023-01-06,14983.0,8.680614437080482,10.797968296197109,2023,1,1,1,Winter,2.1173538591166263,1,-0.8885159780039671,-0.8690359447802284
2023-01-07,2023-01-09,2023-01-13,17381.0,8.873571595280541,11.185693607563175,2023,1,2,1,Winter,2.312122012282634,1,-0.8516755146939129,-0.7980381677082362
2023-01-14,2023-01-16,2023-01-20,15804.0,4.481507931351159,8.043701445740293,2023,1,3,1,Winter,3.5621935143891337,1,-1.6902329529137043,-1.3733796595522765
2023-01-21,2023-01-23,2023-01-27,14137.0,6.521898966925725,7.523163629566077,2023,1,4,1,Winter,1.0012646626403523,1,-1.3006700479381208,-1.4686972123322806
2023-01-28,2023-01-30,2023-02-03,13412.0,9.07257660730193,10.67341663337351,2023,1,5,1,Winter,1.6008400260715803,1,-0.8136803611982879,-0.891843047984143
2023-02-04,2023-02-06,2023-02-10,12672.0,8.375464046798198,9.346262236994752,2023,2,6,1,Winter,0.9707981901965539,1,-0.9467770026900145,-1.1348630655378895
2023-02-11,2023-02-13,2023-02-17,12031.0,10.181982562615284,11.465355626027884,2023,2,7,1,Winter,1.2833730634126006,1,-0.6018663514257045,-0.7468282490869715
2023-02-18,2023-02-20,2023-02-24,11952.0,9.675071492536722,11.487421561787128,2023,2,8,1,Winter,1.8123500692504066,1,-0.6986486571607807,-0.742787676181375
2023-02-25,2023-02-27,2023-03-03,12049.0,6.783283684539642,7.436587551811938,2023,2,9,1,Winter,0.653303867272296,1,-1.250765011043452,-1.4845504694913225
2023-03-04,2023-03-06,2023-03-10,11410.0,4.940046322057443,6.393185014908051,2023,3,10,1,Spring,1.453138692850608,0,-1.6026862305394474,-1.6756116629183158
2023-03-11,2023-03-13,2023-03-17,12133.0,9.632384529449808,12.552982468550026,2023,3,11,1,Spring,2.920597939100217,1,-0.7067986916663188,-0.5476689839081342
2023-03-18,2023-03-20,2023-03-24,12052.0,11.740677712417138,12.78739066881326,2023,3,12,1,Spring,1.0467129563961208,1,-0.304271527717231,-0.5047456547927359
2023-03-25,2023-03-27,2023-03-31,11584.0,10.87935675705515,14.07841494794856,2023,3,13,1,Spring,3.1990581908934086,1,-0.4687197573148848,-0.2683415530289545
2023-04-01,2023-04-03,2023-04-07,10089.0,11.343956670874894,12.908708843320138,2023,4,14,2,Spring,1.5647521724452442,0,-0.38001573493710633,-0.48253064727085593
2023-04-08,2023-04-10,2023-04-14,9978.0,11.320053421977592,13.281006949933811,2023,4,15,2,Spring,1.9609535279562191,0,-0.3845794773357123,-0.4143578011789831
2023-04-15,2023-04-17,2023-04-21,12420.0,13.79809119972181,14.82136647306077,2023,4,16,2,Spring,1.0232752733389603,1,0.08854139925421924,-0.13229702560471318
2023-04-22,2023-04-24,2023-04-28,12152.0,11.219482878634722,14.100058722773086,2023,4,17,2,Spring,2.880575844138365,1,-0.4037809697636522,-0.2643782835313453
2023-04-29,2023-05-01,2023-05-05,10143.0,14.50136305815421,15.990309316321182,2023,5,18,2,Spring,1.4889462581669726,0,0.22281400846579347,0.08175230510134204
2023-05-06,2023-05-08,2023-05-12,10367.0,15.9475686402731,17.714952387298116,2023,5,19,2,Spring,1.7673837470250149,0,0.4989316927426664,0.3975579043039445
2023-05-13,2023-05-15,2023-05-19,11654.0,16.029117702923934,16.91998686163088,2023,5,20,2,Spring,0.8908691587069448,1,0.514501497348943,0.2519889060551982
2023-05-20,2023-05-22,2023-05-26,11111.0,17.482550599724103,18.38681558931757,2023,5,21,2,Spring,0.904264989593468,0,0.7919990610966248,0.5205851930609995
2023-05-27,2023-05-29,2023-06-02,8839.0,17.685671845173317,18.80560378444569,2023,5,22,2,Spring,1.119931939272373,0,0.8307801089741322,0.5972710065647149
2023-06-03,2023-06-05,2023-06-09,10940.0,18.77457395536087,21.379548957359447,2023,6,23,2,Summer,2.604975001998575,0,1.0386794095899354,1.0685953700379192
2023-06-10,2023-06-12,2023-06-16,10700.0,25.31071328900382,26.38409144539998,2023,6,24,2,Summer,1.07337815639616,0,2.286595804900951,1.984995154878769
2023-06-17,2023-06-19,2023-06-23,10472.0,22.05281433789633,22.936553421062865,2023,6,25,2,Summer,0.8837390831665353,0,1.664579457356593,1.3537040605813209
2023-06-24,2023-06-26,2023-06-30,10373.0,20.545583413907284,24.64382888478343,2023,6,26,2,Summer,4.098245470876147,0,1.3768104724017738,1.6663294147183718
2023-07-01,2023-07-03,2023-07-07,9736.0,18.621404288980496,24.317079143643,2023,7,27,3,Summer,5.695674854662503,0,1.0094353974623889,1.606497093743286
2023-07-08,2023-07-10,2023-07-14,10030.0,19.86817369838388,23.494323449960827,2023,7,28,3,Summer,3.6261497515769463,0,1.2474756086247092,1.455839337820799
2023-07-15,2023-07-17,2023-07-21,9659.0,18.42048305886673,19.08130452085625,2023,7,29,3,Summer,0.6608214619895207,0,0.9710743888568272,0.6477555605735716
2023-07-22,2023-07-24,2023-07-28,9684.0,18.624903821315804,20.59146339618133,2023,7,30,3,Summer,1.9665595748655242,0,1.0101035478114295,0.9242861868457155
2023-07-29,2023-07-31,2023-08-04,10038.0,18.389822600767666,19.62879678102104,2023,7,31,3,Summer,1.2389741802533756,0,0.9652205221632842,0.7480088385936946
2023-08-05,2023-08-07,2023-08-11,9991.0,19.641587941525785,24.228294262574863,2023,8,32,3,Summer,4.586706321049078,0,1.2042145845716041,1.5902393746605938
2023-08-12,2023-08-14,2023-08-18,10063.0,20.23433215099584,21.107667788346856,2023,8,33,3,Summer,0.8733356373510155,0,1.3173846348818805,1.0188102307607882
2023-08-19,2023-08-21,2023-08-25,10086.0,20.29172525721617,21.415521134862235,2023,8,34,3,Summer,1.1237958776460637,0,1.3283424487493916,1.0751823649135923
2023-08-26,2023-08-28,2023-09-01,8441.0,18.24693232062325,19.071300290828614,2023,8,35,3,Summer,0.8243679702053619,0,0.9379391081326851,0.6459236500109712
2023-09-02,2023-09-04,2023-09-08,10168.0,24.8206424079178,27.118591828644306,2023,9,36,3,Autumn,2.297949420726507,0,2.1930287225372243,2.1194921633024424
2023-09-09,2023-09-11,2023-09-15,10355.0,20.12120522155439,26.21067162642865,2023,9,37,3,Autumn,6.089466404874258,0,1.2957858067671661,1.9532396277407245
2023-09-16,2023-09-18,2023-09-22,10384.0,16.40631217575659,17.290602536366222,2023,9,38,3,Autumn,0.8842903606096328,0,0.5865175825088375,0.31985367599125963
2023-09-23,2023-09-25,2023-09-29,9979.0,17.120919747533716,18.36990307597758,2023,9,39,3,Autumn,1.2489833284438632,0,0.7229544697159277,0.5174882818802224
2023-09-30,2023-10-02,2023-10-06,10103.0,16.59115560191411,18.43384815456833,2023,10,40,4,Autumn,1.8426925526542206,0,0.6218089265718574,0.5291974953402404
2023-10-07,2023-10-09,2023-10-13,10544.0,17.1383841096432,20.128699399353646,2023,10,41,4,Autumn,2.990315289710445,0,0.7262888637209479,0.8395478060369991
2023-10-14,2023-10-16,2023-10-20,10388.0,12.340261110854758,15.4394012239821,2023,10,42,4,Autumn,3.0991401131273424,0,-0.18979570107514912,-0.019126458240776387
2023-10-21,2023-10-23,2023-10-27,10445.0,12.15047388839335,12.809085205048175,2023,10,43,4,Autumn,0.6586113166548255,0,-0.22603094246773542,-0.5007730901905951
2023-10-28,2023-10-30,2023-11-03,10983.0,11.211170407656322,12.377078646134528,2023,10,44,4,Autumn,1.165908238478206,0,-0.40536803336342864,-0.5798793658560273
2023-11-04,2023-11-06,2023-11-10,11489.0,10.080032114010502,11.112182998369398,2023,11,45,4,Autumn,1.032150884358897,0,-0.6213313031087818,-0.8114989599004657
2023-11-11,2023-11-13,2023-11-17,11243.0,9.903960429683186,11.406717979914424,2023,11,46,4,Autumn,1.5027575502312374,0,-0.6549478970040681,-0.7575655994862063
2023-11-18,2023-11-20,2023-11-24,11385.0,10.84006844808714,12.72881111890912,2023,11,47,4,Autumn,1.8887426708219799,0,-0.47622090170647774,-0.515472366986011
2023-11-25,2023-11-27,2023-12-01,11328.0,3.867548163980823,7.278595548270808,2023,11,48,4,Autumn,3.4110473842899847,0,-1.8074535965770255,-1.5134809538258365
2023-12-02,2023-12-04,2023-12-08,11318.0,5.771690847831797,9.252981787341971,2023,12,49,4,Winter,3.481290939510174,0,-1.4439039913906324,-1.1519439843623265
2023-12-09,2023-12-11,2023-12-15,11960.0,8.833729245247865,10.169144646838369,2023,12,50,4,Winter,1.3354154015905042,1,-0.85928243971425,-0.9841821061630668
2023-12-16,2023-12-18,2023-12-22,13213.0,10.465022964810148,11.413760506042047,2023,12,51,4,Winter,0.9487375412318997,1,-0.547826689722604,-0.7562760171830261
2023-12-23,2023-12-25,2023-12-29,7447.0,9.598634531250651,11.898146969914505,2023,12,52,4,Winter,2.2995124386638537,0,-0.713242430690923,-0.6675782686209312
2023-12-30,2024-01-01,2024-01-05,11945.0,8.006236352283995,9.303589958933411,2024,1,1,1,Winter,1.2973536066494162,1,-1.0172720258324222,-1.1426769399385028
2024-01-06,2024-01-08,2024-01-12,13713.0,4.187697127043788,5.86538835924809,2024,1,2,1,Winter,1.6776912322043023,1,-1.7463289602199512,-1.772258407918953
2024-01-13,2024-01-15,2024-01-19,12813.0,3.3095869539182496,5.398088903605162,2024,1,3,1,Winter,2.088501949686912,1,-1.9139826814759207,-1.8578272929130926
2024-01-20,2024-01-22,2024-01-26,12732.0,9.884638684630556,12.15131395303194,2024,1,4,1,Winter,2.266675268401384,1,-0.658636912982214,-0.6212199512698356
2024-01-27,2024-01-29,2024-02-02,12664.0,9.84857162941712,11.737292556325617,2024,1,5,1,Winter,1.888720926908496,1,-0.6655230375327975,-0.6970328991602501
2024-02-03,2024-02-05,2024-02-09,12529.0,8.559599166953179,11.11607786296872,2024,2,6,1,Winter,2.5564786960155406,1,-0.9116208923832454,-0.810785757227228
2024-02-10,2024-02-12,2024-02-16,11817.0,9.8395289065388,12.94187095628046,2024,2,7,1,Winter,3.1023420497416616,1,-0.6672495249226895,-0.4764582134261377
2024-02-17,2024-02-19,2024-02-23,11788.0,10.196223469213548,12.419520719529665,2024,2,8,1,Winter,2.223297250316117,1,-0.5991473976334264,-0.5721076450602806
2024-02-24,2024-02-26,2024-03-01,11517.0,7.322551073094226,10.297917452600716,2024,2,9,1,Winter,2.9753663795064904,1,-1.1478050554363333,-0.9606020542850036
2024-03-02,2024-03-04,2024-03-08,11574.0,8.406700629120845,9.749457543461244,2024,3,10,1,Spring,1.3427569143403986,1,-0.9408131391271203,-1.0610325219911603
2024-03-09,2024-03-11,2024-03-15,11368.0,10.045281607110155,11.871828247574614,2024,3,11,1,Spring,1.8265466404644588,0,-0.6279660648683878,-0.6723975845818204
2024-03-16,2024-03-18,2024-03-22,11249.0,11.964612883562362,13.601450763001775,2024,3,12,1,Spring,1.6368378794394136,0,-0.2615165683606427,-0.3556801813864013
2024-03-23,2024-03-25,2024-03-29,9391.0,9.575281613194296,11.667121361147542,2024,3,13,1,Spring,2.0918397479532462,0,-0.7177011008375151,-0.7098821992345095
2024-03-30,2024-04-01,2024-04-05,9701.0,12.01393348769071,14.578335220385856,2024,4,14,2,Spring,2.5644017326951456,0,-0.2521000018866678,-0.176799352879008
2024-04-06,2024-04-08,2024-04-12,12334.0,14.01323636825707,16.04202944624613,2024,4,15,2,Spring,2.028793077989059,1,0.12961812199254283,0.09122296421722048
2024-04-13,2024-04-15,2024-04-19,11880.0,11.510589254107185,14.292072156671535,2024,4,16,2,Spring,2.781482902564351,1,-0.34820130718488995,-0.2292180126511221
2024-04-20,2024-04-22,2024-04-26,11173.0,10.99955529026278,12.201665862557968,2024,4,17,2,Spring,1.2021105722951884,0,-0.44577077893095335,-0.6119998319150203
2024-04-27,2024-04-29,2024-05-03,11076.0,14.22802899539479,16.533953351450172,2024,4,18,2,Spring,2.3059243560553817,0,0.17062753554916785,0.18130092078654525
2024-05-04,2024-05-06,2024-05-10,9620.0,17.398046677083524,21.4841263524714,2024,5,19,2,Spring,4.086079675387875,0,0.7758650980416333,1.0877449131997223
2024-05-11,2024-05-13,2024-05-17,11255.0,19.239381771255676,21.966112398359865,2024,5,20,2,Spring,2.726730627104189,0,1.1274231257984058,1.17600311258638
2024-05-18,2024-05-20,2024-05-24,10912.0,16.922744806419203,19.62223955700443,2024,5,21,2,Spring,2.6994947505852274,0,0.6851177980153019,0.7468081217065196
2024-05-25,2024-05-27,2024-05-31,8675.0,16.346195231384975,17.33478095636151,2024,5,22,2,Spring,0.9885857249765344,0,0.5750397181782549,0.32794334546155346
2024-06-01,2024-06-03,2024-06-07,10926.0,16.30256581299317,19.06663067480018,2024,6,23,2,Summer,2.764064861807011,0,0.5667097448178687,0.6450685798154494
2024-06-08,2024-06-10,2024-06-14,10493.0,14.767949767989831,16.440969663447294,2024,6,24,2,Summer,1.6730198954574629,0,0.27371223890337393,0.16427434305577868
2024-06-15,2024-06-17,2024-06-21,10459.0,17.740911593666826,19.97322034670214,2024,6,25,2,Summer,2.232308753035312,0,0.8413267917021282,0.8110774771832446
2024-06-22,2024-06-24,2024-06-28,10609.0,20.55338886563956,23.2541547270997,2024,6,26,2,Summer,2.700765861460141,0,1.3783007330422374,1.4118611786820976
2024-06-29,2024-07-01,2024-07-05,10333.0,17.000961199922497,18.078681695643464,2024,7,27,3,Summer,1.0777204957209676,0,0.700051310728602,0.46416168690835524
2024-07-06,2024-07-08,2024-07-12,10532.0,16.92459856589209,18.24065921173017,2024,7,28,3,Summer,1.3160606458380784,0,0.6854717281751551,0.49382197278776024
2024-07-13,2024-07-15,2024-07-19,10182.0,20.12977453306144,24.29072556823444,2024,7,29,3,Summer,4.1609510351729995,0,1.297421907801783,1.601671395711567
2024-07-20,2024-07-22,2024-07-26,10169.0,19.664196177421186,20.75307392183177,2024,7,30,3,Summer,1.0888777444105848,0,1.2085310758216774,0.9538792717856474
2024-07-27,2024-07-29,2024-08-02,10265.0,22.546184587113625,23.65699650993496,2024,7,31,3,Summer,1.110811922821334,0,1.7587764735964213,1.485626987244486
2024-08-03,2024-08-05,2024-08-09,10025.0,19.69541536120992,21.795325998060388,2024,8,32,3,Summer,2.099910636850467,0,1.2144916175588556,1.1447298002182273
2024-08-10,2024-08-12,2024-08-16,9846.0,21.085514635949647,23.667062732257225,2024,8,33,3,Summer,2.5815480963075785,0,1.4798971708230935,1.4874702494392478
2024-08-17,2024-08-19,2024-08-23,9825.0,17.956808466790005,18.80253655331482,2024,8,34,3,Summer,0.8457280865248151,0,0.8825470340981287,0.5967093548342912
2024-08-24,2024-08-26,2024-08-30,8039.0,18.62340152647064,21.17372445698834,2024,8,35,3,Summer,2.550322930517698,0,1.00981672125034,1.0309061050739783
2024-08-31,2024-09-02,2024-09-06,10066.0,19.092355052765697,21.759553956152487,2024,9,36,3,Autumn,2.66719890338679,0,1.0993519597496613,1.1381794528915623
2024-09-07,2024-09-09,2024-09-13,9829.0,15.763787301813604,20.525536317210943,2024,9,37,3,Autumn,4.7617490153973385,0,0.4638431284222386,0.9122140421635545
2024-09-14,2024-09-16,2024-09-20,9425.0,18.830820970414027,20.456130685243824,2024,9,38,3,Autumn,1.6253097148297968,0,1.0494184053011877,0.8995049271238871
2024-09-21,2024-09-23,2024-09-27,10097.0,14.542984216743951,18.491483978794715,2024,9,39,3,Autumn,3.948499762050764,0,0.23076055359659156,0.5397513985284744
2024-09-28,2024-09-30,2024-10-04,10390.0,13.824622847167069,14.780862896030603,2024,9,40,3,Autumn,0.9562400488635348,0,0.0936069702513259,-0.1397137813550001
2024-10-05,2024-10-07,2024-10-11,10684.0,13.46216280770544,16.38191771256388,2024,10,41,4,Autumn,2.91975490485844,0,0.024404065784302882,0.15346112781915833
2024-10-12,2024-10-14,2024-10-18,10783.0,13.558744103769971,16.462536626715853,2024,10,42,4,Autumn,2.9037925229458814,0,0.04284390873852901,0.16822354731295255
2024-10-19,2024-10-21,2024-10-25,11014.0,14.414169091168446,15.108358554180333,2024,10,43,4,Autumn,0.6941894630118863,0,0.20616644705080517,-0.07974487283200914
2024-10-26,2024-10-28,2024-11-01,10645.0,12.948214052480552,14.570805115550325,2024,10,44,4,Autumn,1.6225910630697733,0,-0.07372191428677335,-0.1781782174740435
2024-11-02,2024-11-04,2024-11-08,11133.0,11.580090049101637,13.147823352454838,2024,11,45,4,Autumn,1.5677333033532008,0,-0.33493182544139316,-0.43874552900140157
2024-11-09,2024-11-11,2024-11-15,11045.0,11.192571323135365,12.292680007987652,2024,11,46,4,Autumn,1.1001086848522874,0,-0.40891907493807966,-0.5953339042126276
2024-11-16,2024-11-18,2024-11-22,10933.0,5.491461630816349,9.560080303002454,2024,11,47,4,Autumn,4.068618672186106,0,-1.4974069258459537,-1.0957100700037736
2024-11-23,2024-11-25,2024-11-29,11011.0,9.716464265087213,14.026227734047188,2024,11,48,4,Autumn,4.309763468959975,0,-0.6907457167740513,-0.27789774157265196
2024-11-30,2024-12-02,2024-12-06,11510.0,11.381288737764937,13.235153532135286,2024,12,49,4,Winter,1.8538647943703488,1,-0.37288808725934997,-0.4227541855248454
2024-12-07,2024-12-09,2024-12-13,11951.0,5.7502142012154165,6.936671615150473,2024,12,50,4,Winter,1.1864574139350568,1,-1.4480044332663022,-1.5760918757017532
2024-12-14,2024-12-16,2024-12-20,12636.0,10.23510021850832,12.856865132370595,2024,12,51,4,Winter,2.6217649138622754,1,-0.5917248305238753,-0.4920239357528794
2024-12-21,2024-12-23,2024-12-27,7151.0,9.128420308652908,12.052751666691057,2024,12,52,4,Winter,2.924331358038149,0,-0.8030183684020149,-0.6392680462179858
