week_start_sat,week_start_mon,week_end,deaths_total,tasmax_mean_weekly_degC,tasmax_max_weekly_degC
2016-01-02,2016-01-04,2016-01-08,13045.0,7.363328516437781,8.839453642871819
2016-01-09,2016-01-11,2016-01-15,11501.0,5.1329089621718635,7.135659270891515
2016-01-16,2016-01-18,2016-01-22,11473.0,5.359014156575076,10.23399195801497
2016-01-23,2016-01-25,2016-01-29,11317.0,11.168578414886394,13.154128164234512
2016-01-30,2016-02-01,2016-02-05,11052.0,8.78242591201884,11.271464607753906
2016-02-06,2016-02-08,2016-02-12,11170.0,6.964308575696616,8.691857573028301
2016-02-13,2016-02-15,2016-02-19,10590.0,5.795141121967094,8.3823507053643
2016-02-20,2016-02-22,2016-02-26,11056.0,7.000324272729967,9.911511973292505
2016-02-27,2016-02-29,2016-03-04,11285.0,7.354192169701204,10.449106367086658
2016-03-05,2016-03-07,2016-03-11,11010.0,7.211673400207019,9.592217151258827
2016-03-12,2016-03-14,2016-03-18,11022.0,10.100339399557962,11.200762754377786
2016-03-19,2016-03-21,2016-03-25,9635.0,9.817100764124522,12.147404021240108
2016-03-26,2016-03-28,2016-04-01,10286.0,9.803240590491836,11.02473150300549
2016-04-02,2016-04-04,2016-04-08,11599.0,10.891390515408625,11.64869201075058
2016-04-09,2016-04-11,2016-04-15,11417.0,10.78295271409202,12.324442974901343
2016-04-16,2016-04-18,2016-04-22,10925.0,11.679832212781443,14.560248120331156
2016-04-23,2016-04-25,2016-04-29,10413.0,8.976622502930278,10.166775352116261
2016-04-30,2016-05-02,2016-05-06,9137.0,11.039316884840055,11.039316884840055
2016-05-28,2016-05-30,2016-06-03,7909.0,16.080002453805694,16.92578579537532
2016-06-04,2016-06-06,2016-06-10,9873.0,20.888888989326396,22.761791072091683
2016-06-11,2016-06-13,2016-06-17,9386.0,16.572265568691343,17.596176908643756
2016-06-18,2016-06-20,2016-06-24,9365.0,18.329137397498716,19.98774395591989
2016-06-25,2016-06-27,2016-07-01,9228.0,16.781187615567276,17.550763090581516
2016-07-30,2016-08-01,2016-08-05,9182.0,18.83752240688241,19.426073281803728
2016-08-06,2016-08-08,2016-08-12,9172.0,18.679001270248623,21.342846119687312
2016-08-13,2016-08-15,2016-08-19,9070.0,20.51872490953154,22.719722783308306
2016-08-20,2016-08-22,2016-08-26,9319.0,20.611152482207668,22.795715570252376
2016-08-27,2016-08-29,2016-09-02,7923.0,19.340622821600896,21.810718244780876
2016-09-03,2016-09-05,2016-09-09,9399.0,19.869487468037295,22.499111294501045
2016-09-10,2016-09-12,2016-09-16,9124.0,19.980124118801687,22.835135798978452
2016-09-17,2016-09-19,2016-09-23,8945.0,17.046478008664213,18.015240363104056
2016-09-24,2016-09-26,2016-09-30,8994.0,16.649457349621116,19.20598056771898
2016-10-01,2016-10-03,2016-10-07,9291.0,14.894476798580104,16.446159435813115
2016-10-08,2016-10-10,2016-10-14,9719.0,13.113461546895225,14.442408385956751
2016-10-15,2016-10-17,2016-10-21,9768.0,12.939422763165252,14.213582891783735
2016-10-22,2016-10-24,2016-10-28,9724.0,12.473432433419323,14.125837213146106
2016-10-29,2016-10-31,2016-11-04,10152.0,11.75435442732632,14.509121191797512
2016-11-05,2016-11-07,2016-11-11,10470.0,7.5778522943283795,9.992810061928688
2016-11-12,2016-11-14,2016-11-18,10694.0,10.066300342837996,13.570986071994852
2016-11-19,2016-11-21,2016-11-25,10603.0,6.68564097772533,7.762571416946476
2016-11-26,2016-11-28,2016-12-02,10439.0,7.512830865409793,8.248169554839885
2016-12-03,2016-12-05,2016-12-09,11223.0,9.673565620622114,13.32160153905952
2016-12-10,2016-12-12,2016-12-16,10533.0,9.89677885976919,11.222135016606785
2016-12-17,2016-12-19,2016-12-23,11493.0,8.190201739410151,9.999633753913912
2016-12-24,2016-12-26,2016-12-30,8003.0,8.689460980411676,12.302738244900231
2016-12-31,2017-01-02,2017-01-06,11991.0,7.707690162719433,8.982285214535901
2017-01-07,2017-01-09,2017-01-13,13715.0,7.4877056334009495,10.163262421528593
2017-01-14,2017-01-16,2017-01-20,13610.0,7.270358037020029,8.51221031456531
2017-01-21,2017-01-23,2017-01-27,12877.0,5.710872647999187,8.595398092674847
2017-01-28,2017-01-30,2017-02-03,12485.0,8.473477657954865,10.677378336515158
2017-02-04,2017-02-06,2017-02-10,12269.0,5.2416074850176715,7.254133521753656
2017-02-11,2017-02-13,2017-02-17,11644.0,7.760258623775158,10.514132680123563
2017-02-18,2017-02-20,2017-02-24,11794.0,10.165658560447715,12.866374608571606
2017-02-25,2017-02-27,2017-03-03,11248.0,8.03599205323728,9.797873108371313
2017-03-04,2017-03-06,2017-03-10,11077.0,9.830932168303258,11.841244938411636
2017-03-11,2017-03-13,2017-03-17,10697.0,11.849799569306416,13.262819061008017
2017-03-18,2017-03-20,2017-03-24,10325.0,9.897585685038296,11.908498856059751
2017-03-25,2017-03-27,2017-03-31,10027.0,14.021162741861314,16.053939524715453
2017-04-01,2017-04-03,2017-04-07,9939.0,12.86689607305726,13.429875284877275
2017-04-08,2017-04-10,2017-04-14,8493.0,13.32796910384,17.255978192073236
2017-04-15,2017-04-17,2017-04-21,9644.0,11.830496352917546,13.57597905852677
2017-04-22,2017-04-24,2017-04-28,10908.0,10.791526317622395,12.959433815261368
2017-04-29,2017-05-01,2017-05-05,9064.0,14.001684102616958,15.270742670279601
2017-05-06,2017-05-08,2017-05-12,10693.0,15.095845436124339,17.737960249419537
2017-05-13,2017-05-15,2017-05-19,10288.0,15.889258665281655,17.78758189685352
2017-05-20,2017-05-22,2017-05-26,10040.0,19.867536510086154,24.766267684870666
2017-05-27,2017-05-29,2017-06-02,8332.0,18.887134472429313,21.593517541808296
2017-06-03,2017-06-05,2017-06-09,9766.0,16.04977786271191,17.705026845831195
2017-06-10,2017-06-12,2017-06-16,9367.0,18.825546449598058,21.31611791909418
2017-06-17,2017-06-19,2017-06-23,9627.0,22.570632093284456,25.128243742774316
2017-06-24,2017-06-26,2017-06-30,9334.0,16.334944716966753,17.78572724548903
2017-07-01,2017-07-03,2017-07-07,9263.0,19.75723952309247,22.96485650335245
2017-07-08,2017-07-10,2017-07-14,9376.0,19.024220430549246,20.33857468986452
2017-07-15,2017-07-17,2017-07-21,9113.0,20.330876556391527,24.113581960188615
2017-07-22,2017-07-24,2017-07-28,8882.0,18.78029019421848,20.092839532649787
2017-07-29,2017-07-31,2017-08-04,8941.0,18.205067614769465,18.473291968737506
2017-08-26,2017-08-28,2017-09-01,8149.0,17.97521504111024,17.97521504111024
2017-09-02,2017-09-04,2017-09-08,9497.0,17.180445689754052,18.828439438116433
2017-09-09,2017-09-11,2017-09-15,9454.0,15.127553550996184,16.266547348170523
2017-09-16,2017-09-18,2017-09-22,9534.0,15.162139496194452,16.375217875361532
2017-09-23,2017-09-25,2017-09-29,9689.0,16.96142620246512,17.445354120787396
2017-09-30,2017-10-02,2017-10-06,9778.0,14.461070570357364,16.10794198322046
2017-10-07,2017-10-09,2017-10-13,9940.0,15.416424920848161,17.54461364578199
2017-10-14,2017-10-16,2017-10-20,10031.0,15.190635514470667,17.552625589520677
2017-10-21,2017-10-23,2017-10-27,9739.0,13.772432515306091,15.370069044181223
2017-10-28,2017-10-30,2017-11-03,9984.0,12.304743879695177,13.994470911730968
2017-11-25,2017-11-27,2017-12-01,10538.0,5.776697934397344,5.776697934397344
2017-12-02,2017-12-04,2017-12-08,10781.0,8.08244337021731,11.759400258042989
2017-12-09,2017-12-11,2017-12-15,11217.0,3.958860147382988,5.776438691300279
2017-12-16,2017-12-18,2017-12-22,12517.0,8.904148490358422,10.57428236448546
2017-12-23,2017-12-25,2017-12-29,8487.0,6.810170568569174,10.410390167808995
2017-12-30,2018-01-01,2018-01-05,12723.0,7.987852419181801,9.703918772854056
2018-01-06,2018-01-08,2018-01-12,15050.0,5.106174359220488,6.722114739742901
2018-01-13,2018-01-15,2018-01-19,14256.0,5.884818825190772,8.001282887838865
2018-01-20,2018-01-22,2018-01-26,13935.0,7.7917961703765,11.027006342590994
2018-01-27,2018-01-29,2018-02-02,13285.0,7.3402815604646126,11.35759049815845
2018-02-03,2018-02-05,2018-02-09,12495.0,4.536657662203722,6.636588092131338
2018-02-10,2018-02-12,2018-02-16,12246.0,6.018045828915311,8.400756097578082
2018-02-17,2018-02-19,2018-02-23,12142.0,7.323100233713155,10.096664904079795
2018-02-24,2018-02-26,2018-03-02,10854.0,0.9579054053897147,5.070786808582578
2018-03-03,2018-03-05,2018-03-09,12997.0,6.215212682842692,8.780274547877148
2018-03-10,2018-03-12,2018-03-16,12788.0,8.958753883143956,9.887099284704345
2018-03-17,2018-03-19,2018-03-23,11913.0,6.007926221601832,9.39331459490935
2018-03-24,2018-03-26,2018-03-30,9941.0,8.80102612402425,10.372447260278058
2018-03-31,2018-04-02,2018-04-06,10794.0,7.480559025291914,11.763417072603369
2018-04-07,2018-04-09,2018-04-13,12301.0,10.357008972412151,12.136071224828003
2018-04-14,2018-04-16,2018-04-20,11223.0,16.136341979556697,20.43782010064004
2018-04-21,2018-04-23,2018-04-27,10306.0,13.312766299832832,19.03118188283568
2018-04-28,2018-04-30,2018-05-04,10153.0,11.627222297397243,16.095939834868375
2018-05-05,2018-05-07,2018-05-11,8624.0,17.242833750571286,21.573681662929314
2018-05-12,2018-05-14,2018-05-18,10141.0,16.17371193104725,18.59787825653516
2018-05-19,2018-05-21,2018-05-25,9636.0,18.245835795448233,19.01705950625675
2018-05-26,2018-05-28,2018-06-01,8147.0,21.50657140662254,22.862213169810193
2018-06-02,2018-06-04,2018-06-08,9950.0,19.49355683090975,21.581946631621634
2018-06-09,2018-06-11,2018-06-15,9343.0,18.48708973973348,19.972775421148587
2018-06-16,2018-06-18,2018-06-22,9256.0,17.58555509530193,18.57454726934275
2018-06-23,2018-06-25,2018-06-29,9212.0,24.124731789410028,26.4798569326442
2018-06-30,2018-07-02,2018-07-06,9258.0,24.339718289846445,24.814370884935133
2018-07-07,2018-07-09,2018-07-13,9293.0,22.34282906289953,25.2525965786576
2018-07-14,2018-07-16,2018-07-20,9127.0,22.052402803544577,23.75440476460978
2018-07-21,2018-07-23,2018-07-27,9141.0,24.39154633809741,27.255478877693957
2018-07-28,2018-07-30,2018-08-03,9161.0,21.113581888211378,23.770239523129188
2018-08-04,2018-08-06,2018-08-10,9319.0,20.851321062729003,23.543659750262837
2018-08-11,2018-08-13,2018-08-17,8830.0,19.09727086024568,20.56487904811559
2018-08-18,2018-08-20,2018-08-24,8978.0,19.0282009305817,21.391671244352608
2018-08-25,2018-08-27,2018-08-31,7865.0,17.093606900686208,19.151458199279293
2018-09-01,2018-09-03,2018-09-07,9445.0,18.166146651649452,21.480589085700778
2018-09-08,2018-09-10,2018-09-14,9191.0,16.414341312289555,17.99219106543225
2018-09-15,2018-09-17,2018-09-21,9305.0,16.99529162509951,19.657399345636684
2018-09-22,2018-09-24,2018-09-28,9150.0,14.919539163138538,18.640244357266038
2018-09-29,2018-10-01,2018-10-05,9503.0,14.233087927488187,16.12862662155903
2018-10-06,2018-10-08,2018-10-12,9649.0,15.68881306723843,20.21144916944517
2018-10-13,2018-10-15,2018-10-19,9864.0,14.107383375867457,17.6825695395132
2018-10-20,2018-10-22,2018-10-26,9603.0,13.00085674625434,16.02319590593862
2018-10-27,2018-10-29,2018-11-02,9529.0,9.151939131705744,11.580090029130584
2018-11-03,2018-11-05,2018-11-09,10151.0,12.04340481333772,13.237832501611791
2018-11-10,2018-11-12,2018-11-16,10193.0,11.942276015345987,13.371817151363457
2018-11-17,2018-11-19,2018-11-23,9957.0,7.535175542973174,10.066273388984984
2018-11-24,2018-11-26,2018-11-30,10033.0,9.026078317835388,13.02107290545588
2018-12-01,2018-12-03,2018-12-07,10287.0,9.472902151658035,11.70177064282724
2018-12-08,2018-12-10,2018-12-14,10550.0,6.897541951826151,9.344422007377714
2018-12-15,2018-12-17,2018-12-21,11116.0,8.253081153685873,10.003043827867758
2018-12-22,2018-12-24,2018-12-28,7131.0,8.750958840393912,10.253074509942795
2018-12-29,2018-12-31,2019-01-04,10955.0,10.346313302181697,10.929641446248034
2019-01-26,2019-01-28,2019-02-01,11297.0,2.470318464859134,2.470318464859134
2019-02-02,2019-02-04,2019-02-08,11660.0,7.4491661991233284,9.611143453597252
2019-02-09,2019-02-11,2019-02-15,11824.0,9.65618373470627,12.578174380333373
2019-02-16,2019-02-18,2019-02-22,11295.0,11.388570072676064,13.583658359574901
2019-02-23,2019-02-25,2019-03-01,11044.0,11.902441969189303,16.120928777398678
2019-03-02,2019-03-04,2019-03-08,10898.0,9.227628234827561,11.032980154388005
2019-03-09,2019-03-11,2019-03-15,10567.0,8.898724179593382,10.639989428623785
2019-03-16,2019-03-18,2019-03-22,10402.0,10.687101114365765,13.140194720474982
2019-03-23,2019-03-25,2019-03-29,9867.0,11.456027124604336,13.215333576259058
2019-03-30,2019-04-01,2019-04-05,10126.0,11.297336230948602,12.318027967871872
2019-06-01,2019-06-03,2019-06-07,10140.0,16.670244534970156,19.741057059639516
2019-06-08,2019-06-10,2019-06-14,9445.0,14.23898831541265,15.955452824069194
2019-06-15,2019-06-17,2019-06-21,9458.0,16.962570484150287,17.572295550869686
2019-06-22,2019-06-24,2019-06-28,9511.0,20.170364998544148,23.460120142684307
2019-06-29,2019-07-01,2019-07-05,9062.0,20.630986209574978,25.17146639069748
2019-07-06,2019-07-08,2019-07-12,9179.0,19.778480213380302,21.251915450698437
2019-07-13,2019-07-15,2019-07-19,9080.0,20.260467253172642,22.499450697564352
2019-07-20,2019-07-22,2019-07-26,9112.0,24.107816615519333,29.381227708895704
2019-07-27,2019-07-29,2019-08-02,9271.0,21.086656702762692,22.268723050693897
2019-08-03,2019-08-05,2019-08-09,9122.0,20.83083356735818,22.060685483607987
2019-08-10,2019-08-12,2019-08-16,9093.0,17.826548612612306,19.429352555215775
2019-08-17,2019-08-19,2019-08-23,8994.0,18.966570336336876,22.18542824345058
2019-08-24,2019-08-26,2019-08-30,8242.0,22.305840605334915,26.506566213064723
2019-08-31,2019-09-02,2019-09-06,9695.0,17.19573843641612,18.373816647270303
2019-09-07,2019-09-09,2019-09-13,9513.0,16.92805077130262,18.724746379036578
2019-09-14,2019-09-16,2019-09-20,9440.0,17.922106026558897,20.460380200916795
2019-09-21,2019-09-23,2019-09-27,9517.0,17.904180234300803,21.5795517825893
2019-09-28,2019-09-30,2019-10-04,9799.0,14.282452022367742,16.227019324147157
2019-10-05,2019-10-07,2019-10-11,9973.0,13.810663129430727,14.159557234781191
2019-10-12,2019-10-14,2019-10-18,10156.0,13.001238250371703,13.56627283644652
2019-10-19,2019-10-21,2019-10-25,10021.0,11.70671269238559,12.702976935588298
2019-10-26,2019-10-28,2019-11-01,10164.0,11.235515484847163,12.700752252962808
2019-11-02,2019-11-04,2019-11-08,10697.0,9.185876846967954,10.977845800300175
2019-11-09,2019-11-11,2019-11-15,10650.0,6.708555703035911,7.448742388482073
2019-11-16,2019-11-18,2019-11-22,10882.0,6.930599841384718,8.036922421669658
2019-11-23,2019-11-25,2019-11-29,10958.0,8.873772401882775,10.820299168838131
2019-11-30,2019-12-02,2019-12-06,10816.0,6.425853690374453,11.018455140866488
2019-12-07,2019-12-09,2019-12-13,11188.0,8.260780281270309,11.488248625837386
2019-12-14,2019-12-16,2019-12-20,11926.0,7.083256944013493,10.085137784076327
2019-12-21,2019-12-23,2019-12-27,7533.0,7.715282536415766,9.486630544583079
2019-12-28,2019-12-30,2020-01-03,12254.0,8.645032375270587,9.94908854672719
2020-01-04,2020-01-06,2020-01-10,14058.0,9.125596169929516,12.393928585310675
2020-01-11,2020-01-13,2020-01-17,12990.0,8.517623859398691,10.106284020685985
2020-01-18,2020-01-20,2020-01-24,11856.0,7.507954764386647,9.266434473593122
2020-01-25,2020-01-27,2020-01-31,11612.0,8.030950751648984,11.034343979105351
2020-02-01,2020-02-03,2020-02-07,10986.0,8.625432002148653,9.541066983880748
2020-02-08,2020-02-10,2020-02-14,10944.0,7.746428209530161,10.801692428423673
2020-02-15,2020-02-17,2020-02-21,10841.0,8.801791290138716,10.720305967200664
2020-02-22,2020-02-24,2020-02-28,10816.0,7.472843874458477,9.162834679757927
2020-02-29,2020-03-02,2020-03-06,10895.0,6.873134516025603,8.420710074959588
2020-03-07,2020-03-09,2020-03-13,11019.0,9.806083798305933,11.26554372479619
2020-03-14,2020-03-16,2020-03-20,10645.0,9.215178151104192,10.967711330642373
2020-03-21,2020-03-23,2020-03-27,11141.0,11.044224369711031,13.316412411762263
2020-03-28,2020-03-30,2020-04-03,16387.0,9.301147220587051,10.320919634859939
2020-04-04,2020-04-06,2020-04-10,18516.0,15.892410426889386,19.234710240074637
2020-04-11,2020-04-13,2020-04-17,22351.0,14.414042560361517,19.09336115128074
2020-04-18,2020-04-20,2020-04-24,21997.0,15.959115747319824,18.525670805124744
2020-04-25,2020-04-27,2020-05-01,17953.0,12.9543876895736,16.62509240508719
2020-05-02,2020-05-04,2020-05-08,12657.0,15.74017796593667,18.939701259115218
2020-05-09,2020-05-11,2020-05-15,14573.0,13.131579878197831,20.00206099245064
2020-05-16,2020-05-18,2020-05-22,12288.0,17.929225030664362,22.553233581392206
2020-05-23,2020-05-25,2020-05-29,9824.0,19.506896033316774,22.756554608313284
2020-05-30,2020-06-01,2020-06-05,10709.0,19.722334321627017,22.893632371298356
2020-06-06,2020-06-08,2020-06-12,9976.0,15.182567523287762,17.708518573110364
2020-06-13,2020-06-15,2020-06-19,9339.0,19.616104373335077,20.96123985193911
2020-06-20,2020-06-22,2020-06-26,8979.0,22.12182622880753,26.99605924152238
2020-06-27,2020-06-29,2020-07-03,9140.0,16.73643404877417,18.669993767437404
2020-07-04,2020-07-06,2020-07-10,8690.0,16.553430994033818,16.97824990645594
2020-07-11,2020-07-13,2020-07-17,8823.0,18.72449890601245,20.663724861794634
2020-07-18,2020-07-20,2020-07-24,8891.0,18.794060821105745,20.076011282339575
2020-07-25,2020-07-27,2020-07-31,8946.0,20.06995721449254,27.709900909343553
2020-08-01,2020-08-03,2020-08-07,8945.0,20.56340145406808,25.463848191222777
2020-08-08,2020-08-10,2020-08-14,9392.0,24.0884750173212,27.469522040534446
2020-08-15,2020-08-17,2020-08-21,9631.0,20.141512261711352,21.132408382137
2020-08-22,2020-08-24,2020-08-28,9032.0,17.158360051546673,18.598602157803303
2020-08-29,2020-08-31,2020-09-04,7739.0,16.536395966273084,18.290213658924266
2020-09-05,2020-09-07,2020-09-11,9811.0,17.245500279729765,20.695545116782217
2020-09-12,2020-09-14,2020-09-18,9523.0,20.17983771393994,23.567388622686384
2020-09-19,2020-09-21,2020-09-25,9634.0,16.38699165833156,19.68704592052248
2020-09-26,2020-09-28,2020-10-02,9945.0,13.59784382342885,15.64589385268678
2020-10-03,2020-10-05,2020-10-09,9954.0,13.22674032281918,14.256870266643237
2020-10-10,2020-10-12,2020-10-16,10534.0,11.898890439713723,13.2065507437835
2020-10-17,2020-10-19,2020-10-23,10739.0,12.46023723681368,14.882756865128284
2020-10-24,2020-10-26,2020-10-30,10887.0,12.01537869110098,13.948323346153375
2020-10-31,2020-11-02,2020-11-06,11812.0,12.608350615411835,13.92731717329804
2020-11-07,2020-11-09,2020-11-13,12254.0,12.007550372484037,13.426528804983246
2020-11-14,2020-11-16,2020-11-20,12535.0,11.6069551175149,13.653162464501047
2020-11-21,2020-11-23,2020-11-27,12456.0,9.113835828788186,10.72394962416261
2020-11-28,2020-11-30,2020-12-04,12303.0,7.44967152030004,9.496101687551413
2020-12-05,2020-12-07,2020-12-11,12292.0,6.12741036240709,8.451602733709157
2020-12-12,2020-12-14,2020-12-18,13011.0,9.686651390185943,11.688336842929703
2020-12-19,2020-12-21,2020-12-25,11520.0,7.465456122511246,9.473770439743861
2020-12-26,2020-12-28,2021-01-01,10069.0,3.8632185113901105,8.06090531416075
2021-01-02,2021-01-04,2021-01-08,17751.0,2.8532891744485256,3.645063291108919
2021-01-09,2021-01-11,2021-01-15,18042.0,5.57036356810397,8.18362371513282
2021-01-16,2021-01-18,2021-01-22,18676.0,6.670256167050512,7.899253520403328
2021-01-23,2021-01-25,2021-01-29,18448.0,5.451698129243064,8.265222356672023
2021-01-30,2021-02-01,2021-02-05,17192.0,4.639468420834554,6.955389959368408
2021-02-06,2021-02-08,2021-02-12,15354.0,1.4939319027400262,4.813999467491704
2021-02-13,2021-02-15,2021-02-19,13809.0,8.176936267602471,10.25145165733379
2021-02-20,2021-02-22,2021-02-26,12614.0,11.005921774803566,12.225999816548962
2021-02-27,2021-03-01,2021-03-05,11592.0,8.510419594148614,10.829675834320138
2021-03-06,2021-03-08,2021-03-12,10987.0,8.326639098898221,10.168998471408166
2021-03-13,2021-03-15,2021-03-19,10311.0,10.442328643144558,12.479574131864625
2021-03-20,2021-03-22,2021-03-26,10045.0,10.640065800263926,11.54950323693413
2021-03-27,2021-03-29,2021-04-02,8201.0,12.15645071450193,17.539236471174465
2021-04-03,2021-04-05,2021-04-09,9098.0,8.60980641619438,12.158952268439299
2021-04-10,2021-04-12,2021-04-16,10438.0,9.792806444152536,11.626957314427049
2021-04-17,2021-04-19,2021-04-23,9941.0,13.683955741724676,15.85875330723513
2021-04-24,2021-04-26,2021-04-30,9692.0,11.793398069956618,15.115999673664392
2021-05-01,2021-05-03,2021-05-07,7986.0,10.346944375352248,11.506005408058346
2021-05-08,2021-05-10,2021-05-14,10164.0,13.806360018531551,15.395290411171374
2021-05-15,2021-05-17,2021-05-21,9860.0,13.175384250961425,14.570364885570838
2021-05-22,2021-05-24,2021-05-28,9628.0,13.855314008637901,17.08651079170516
2021-05-29,2021-05-31,2021-06-04,7778.0,19.994442734383846,22.075762630776914
2021-06-05,2021-06-07,2021-06-11,10204.0,19.655077305473622,20.512756465928526
2021-06-12,2021-06-14,2021-06-18,9459.0,19.464596045914444,22.583868329494514
2021-06-19,2021-06-21,2021-06-25,8690.0,16.745396349356586,18.884955515880335
2021-06-26,2021-06-28,2021-07-02,8808.0,19.486948097458452,20.48362201319207
2021-07-03,2021-07-05,2021-07-09,9752.0,19.13909723786689,19.870265790188057
2021-07-10,2021-07-12,2021-07-16,9697.0,20.992304555004743,23.995172037291493
2021-07-17,2021-07-19,2021-07-23,9744.0,25.4525760587928,26.514293826066968
2021-07-24,2021-07-26,2021-07-30,10135.0,20.13682098005973,22.908759514180225
2021-07-31,2021-08-02,2021-08-06,10187.0,18.427358710603784,21.045839906434647
2021-08-07,2021-08-09,2021-08-13,10372.0,19.122160860962286,20.077948495243806
2021-08-14,2021-08-16,2021-08-20,10013.0,18.463931532616723,19.50578417587554
2021-08-21,2021-08-23,2021-08-27,10268.0,19.86511834760714,21.297513415766606
2021-08-28,2021-08-30,2021-09-03,8797.0,17.666878220505914,20.173273797064645
2021-09-04,2021-09-06,2021-09-10,11035.0,21.920375592001868,25.76920983198744
2021-09-11,2021-09-13,2021-09-17,11009.0,18.279354459655778,19.529192026827552
2021-09-18,2021-09-20,2021-09-24,10684.0,18.800937260634335,19.865084173393292
2021-09-25,2021-09-27,2021-10-01,10510.0,14.979712149715994,19.479646199722218
2021-10-02,2021-10-04,2021-10-08,10807.0,14.860585470387008,17.899849358157798
2021-10-09,2021-10-11,2021-10-15,11177.0,14.531634165997616,16.384650138917678
2021-10-16,2021-10-18,2021-10-22,11308.0,13.951610435123328,17.113454307936724
2021-10-23,2021-10-25,2021-10-29,10987.0,13.802426030667908,15.309674005876868
2021-10-30,2021-11-01,2021-11-05,11550.0,11.759418081298564,11.944175437767582
2021-11-27,2021-11-29,2021-12-03,11659.0,6.885739167737899,7.604460358323895
2021-12-04,2021-12-06,2021-12-10,11930.0,6.18308915769603,6.954174054953502
2021-12-11,2021-12-13,2021-12-17,12400.0,10.17047176554465,12.080043935531377
2021-12-18,2021-12-20,2021-12-24,13013.0,6.098081834373381,8.820372558778603
2021-12-25,2021-12-27,2021-12-31,8477.0,9.576369587406534,13.308329959093843
2022-01-01,2022-01-03,2022-01-07,12262.0,7.507049908011565,13.198263224786896
2022-01-08,2022-01-10,2022-01-14,13311.0,8.132306652111756,9.112586829449409
2022-01-15,2022-01-17,2022-01-21,12776.0,7.133793460941762,8.389810139180314
2022-01-22,2022-01-24,2022-01-28,12401.0,7.65898774770986,10.50368490192369
2022-01-29,2022-01-31,2022-02-04,11862.0,9.218852890640097,10.94253796706504
2022-02-05,2022-02-07,2022-02-11,11558.0,8.165417124856415,10.196720372123387
2022-02-12,2022-02-14,2022-02-18,11271.0,8.644889028560664,11.34174983852116
2022-02-19,2022-02-21,2022-02-25,11150.0,8.948268207072537,10.13708976292547
2022-02-26,2022-02-28,2022-03-04,11225.0,8.728047380974484,9.555378435811539
2022-03-05,2022-03-07,2022-03-11,11227.0,9.175251265998869,11.519199206067638
2022-03-12,2022-03-14,2022-03-18,10927.0,10.997901673997022,13.464465127098592
2022-03-19,2022-03-21,2022-03-25,10745.0,14.662466606019482,17.141118925729202
2022-03-26,2022-03-28,2022-04-01,9840.0,9.48214344638524,16.164110221354054
2022-04-02,2022-04-04,2022-04-08,10687.0,10.075030315470142,11.785987561284855
2022-04-09,2022-04-11,2022-04-15,9919.0,13.084900471357205,16.475893378778892
2022-04-16,2022-04-18,2022-04-22,10680.0,15.224414426215366,16.790072299529363
2022-04-23,2022-04-25,2022-04-29,12441.0,12.984324807803576,14.64820121204886
2022-04-30,2022-05-02,2022-05-06,9941.0,14.398762640759918,16.78568294252068
2022-05-07,2022-05-09,2022-05-13,12048.0,15.765865835013178,17.249546391599946
2022-05-14,2022-05-16,2022-05-20,11520.0,17.96707367601891,19.49556299183505
2022-05-21,2022-05-23,2022-05-27,10860.0,15.947249077029833,17.791593231283457
2022-05-28,2022-05-30,2022-06-03,6825.0,15.915645995331769,18.466789839141985
2022-06-04,2022-06-06,2022-06-10,11742.0,17.436431613023274,19.1653942050539
2022-06-11,2022-06-13,2022-06-17,10844.0,19.519369177186075,23.4406305308958
2022-06-18,2022-06-20,2022-06-24,10836.0,19.808644640610886,22.72401158721936
2022-06-25,2022-06-27,2022-07-01,10357.0,17.91824610381242,18.836716327535505
2022-07-02,2022-07-04,2022-07-08,10232.0,19.156836906058352,22.156293087611786
2022-07-09,2022-07-11,2022-07-15,10515.0,22.394162605682773,25.689859808858774
2022-07-16,2022-07-18,2022-07-22,10978.0,24.54290681857767,31.358437123195706
2022-07-23,2022-07-25,2022-07-29,11013.0,20.211352977921194,22.19251553847359
2022-07-30,2022-08-01,2022-08-05,10698.0,20.74989796519363,22.667264248715632
2022-08-06,2022-08-08,2022-08-12,10355.0,24.60376159038234,27.89549102386725
2022-08-13,2022-08-15,2022-08-19,10982.0,22.428716868427852,28.457636148265074
2022-08-20,2022-08-22,2022-08-26,10942.0,20.536396015795596,22.50210061015515
2022-08-27,2022-08-29,2022-09-02,8868.0,20.82486746123646,21.539085322080847
2022-09-03,2022-09-05,2022-09-09,10753.0,19.94343200889412,21.59963832936384
2022-09-10,2022-09-12,2022-09-16,10673.0,17.72280764817621,19.82092144875949
2022-09-17,2022-09-19,2022-09-23,8751.0,16.6443616187442,18.093559192347946
2022-09-24,2022-09-26,2022-09-30,10960.0,14.308699242141005,15.585931350771663
2022-10-01,2022-10-03,2022-10-07,11207.0,15.687084037283688,16.25621579967243
2022-10-08,2022-10-10,2022-10-14,11699.0,14.119494695063965,14.85430388631597
2022-10-15,2022-10-17,2022-10-21,11938.0,14.241903368418713,15.247970699176948
2022-10-22,2022-10-24,2022-10-28,11245.0,15.615073527598083,16.706127759730617
2022-10-29,2022-10-31,2022-11-04,11795.0,13.543238044035375,16.4848216950233
2022-11-05,2022-11-07,2022-11-11,11538.0,13.29907807279486,15.511854683468515
2022-11-12,2022-11-14,2022-11-18,11579.0,11.535518399490297,14.363437598028112
2022-11-19,2022-11-21,2022-11-25,11483.0,9.18864953688097,10.924519852609501
2022-11-26,2022-11-28,2022-12-02,11307.0,8.171933419170646,11.9099245181134
2022-12-03,2022-12-05,2022-12-09,11694.0,4.551026543318383,6.292289681990062
2022-12-10,2022-12-12,2022-12-16,12389.0,1.2845713054163712,2.6828101547076826
2022-12-17,2022-12-19,2022-12-23,14530.0,8.596811182942362,12.268984158426958
2022-12-24,2022-12-26,2022-12-30,9517.0,8.347984319766267,9.706987506165223
2022-12-31,2023-01-02,2023-01-06,14983.0,8.680614437080482,10.797968296197107
2023-01-07,2023-01-09,2023-01-13,17381.0,8.873571595280541,11.185693607563175
2023-01-14,2023-01-16,2023-01-20,15804.0,4.481507931351159,8.043701445740293
2023-01-21,2023-01-23,2023-01-27,14137.0,6.521898966925725,7.523163629566077
2023-01-28,2023-01-30,2023-02-03,13412.0,9.07257660730193,10.67341663337351
2023-02-04,2023-02-06,2023-02-10,12672.0,8.375464046798198,9.346262236994752
2023-02-11,2023-02-13,2023-02-17,12031.0,10.181982562615284,11.465355626027884
2023-02-18,2023-02-20,2023-02-24,11952.0,9.675071492536722,11.487421561787128
2023-02-25,2023-02-27,2023-03-03,12049.0,6.783283684539642,7.436587551811938
2023-03-04,2023-03-06,2023-03-10,11410.0,4.940046322057443,6.393185014908051
2023-03-11,2023-03-13,2023-03-17,12133.0,9.632384529449808,12.552982468550026
2023-03-18,2023-03-20,2023-03-24,12052.0,11.740677712417138,12.787390668813261
2023-03-25,2023-03-27,2023-03-31,11584.0,10.87935675705515,14.07841494794856
2023-04-01,2023-04-03,2023-04-07,10089.0,11.343956670874894,12.908708843320138
2023-04-08,2023-04-10,2023-04-14,9978.0,11.320053421977592,13.281006949933813
2023-04-15,2023-04-17,2023-04-21,12420.0,13.79809119972181,14.82136647306077
2023-04-22,2023-04-24,2023-04-28,12152.0,11.219482878634722,14.100058722773086
2023-04-29,2023-05-01,2023-05-05,10143.0,14.50136305815421,15.990309316321182
2023-05-06,2023-05-08,2023-05-12,10367.0,15.9475686402731,17.714952387298116
2023-05-13,2023-05-15,2023-05-19,11654.0,16.029117702923934,16.91998686163088
2023-05-20,2023-05-22,2023-05-26,11111.0,17.482550599724103,18.38681558931757
2023-05-27,2023-05-29,2023-06-02,8839.0,17.685671845173317,18.80560378444569
2023-06-03,2023-06-05,2023-06-09,10940.0,18.77457395536087,21.379548957359447
2023-06-10,2023-06-12,2023-06-16,10700.0,25.31071328900382,26.38409144539998
2023-06-17,2023-06-19,2023-06-23,10472.0,22.05281433789633,22.936553421062865
2023-06-24,2023-06-26,2023-06-30,10373.0,20.545583413907284,24.64382888478343
2023-07-01,2023-07-03,2023-07-07,9736.0,18.621404288980496,24.317079143643
2023-07-08,2023-07-10,2023-07-14,10030.0,19.868173698383877,23.494323449960827
2023-07-15,2023-07-17,2023-07-21,9659.0,18.420483058866726,19.08130452085625
2023-07-22,2023-07-24,2023-07-28,9684.0,18.624903821315804,20.591463396181332
2023-07-29,2023-07-31,2023-08-04,10038.0,18.389822600767666,19.62879678102104
2023-08-05,2023-08-07,2023-08-11,9991.0,19.641587941525785,24.228294262574863
2023-08-12,2023-08-14,2023-08-18,10063.0,20.23433215099584,21.107667788346856
2023-08-19,2023-08-21,2023-08-25,10086.0,20.291725257216175,21.415521134862235
2023-08-26,2023-08-28,2023-09-01,8441.0,18.246932320623255,19.071300290828614
2023-09-02,2023-09-04,2023-09-08,10168.0,24.8206424079178,27.118591828644302
2023-09-09,2023-09-11,2023-09-15,10355.0,20.12120522155439,26.21067162642865
2023-09-16,2023-09-18,2023-09-22,10384.0,16.40631217575659,17.290602536366222
2023-09-23,2023-09-25,2023-09-29,9979.0,17.120919747533716,18.36990307597758
2023-09-30,2023-10-02,2023-10-06,10103.0,16.59115560191411,18.43384815456833
2023-10-07,2023-10-09,2023-10-13,10544.0,17.1383841096432,20.128699399353646
2023-10-14,2023-10-16,2023-10-20,10388.0,12.340261110854758,15.4394012239821
2023-10-21,2023-10-23,2023-10-27,10445.0,12.15047388839335,12.809085205048177
2023-10-28,2023-10-30,2023-11-03,10983.0,11.211170407656322,12.377078646134528
2023-11-04,2023-11-06,2023-11-10,11489.0,10.080032114010502,11.112182998369398
2023-11-11,2023-11-13,2023-11-17,11243.0,9.903960429683186,11.406717979914424
2023-11-18,2023-11-20,2023-11-24,11385.0,10.840068448087141,12.72881111890912
2023-11-25,2023-11-27,2023-12-01,11328.0,3.867548163980823,7.278595548270808
2023-12-02,2023-12-04,2023-12-08,11318.0,5.771690847831797,9.252981787341971
2023-12-09,2023-12-11,2023-12-15,11960.0,8.833729245247865,10.169144646838367
2023-12-16,2023-12-18,2023-12-22,13213.0,10.465022964810148,11.413760506042049
2023-12-23,2023-12-25,2023-12-29,7447.0,9.598634531250653,11.898146969914503
2023-12-30,2024-01-01,2024-01-05,11945.0,8.006236352283995,9.303589958933413
2024-01-06,2024-01-08,2024-01-12,13713.0,4.187697127043788,5.86538835924809
2024-01-13,2024-01-15,2024-01-19,12813.0,3.3095869539182496,5.398088903605162
2024-01-20,2024-01-22,2024-01-26,12732.0,9.884638684630556,12.151313953031941
2024-01-27,2024-01-29,2024-02-02,12664.0,9.848571629417119,11.737292556325617
2024-02-03,2024-02-05,2024-02-09,12529.0,8.559599166953179,11.116077862968721
2024-02-10,2024-02-12,2024-02-16,11817.0,9.8395289065388,12.94187095628046
2024-02-17,2024-02-19,2024-02-23,11788.0,10.196223469213548,12.419520719529665
2024-02-24,2024-02-26,2024-03-01,11517.0,7.3225510730942265,10.297917452600716
2024-03-02,2024-03-04,2024-03-08,11574.0,8.406700629120845,9.749457543461245
2024-03-09,2024-03-11,2024-03-15,11368.0,10.045281607110155,11.871828247574614
2024-03-16,2024-03-18,2024-03-22,11249.0,11.964612883562362,13.601450763001775
2024-03-23,2024-03-25,2024-03-29,9391.0,9.575281613194297,11.667121361147542
2024-03-30,2024-04-01,2024-04-05,9701.0,12.01393348769071,14.578335220385856
2024-04-06,2024-04-08,2024-04-12,12334.0,14.01323636825707,16.04202944624613
2024-04-13,2024-04-15,2024-04-19,11880.0,11.510589254107185,14.292072156671537
2024-04-20,2024-04-22,2024-04-26,11173.0,10.99955529026278,12.201665862557968
2024-04-27,2024-04-29,2024-05-03,11076.0,14.22802899539479,16.533953351450172
2024-05-04,2024-05-06,2024-05-10,9620.0,17.398046677083524,21.4841263524714
2024-05-11,2024-05-13,2024-05-17,11255.0,19.239381771255673,21.966112398359865
2024-05-18,2024-05-20,2024-05-24,10912.0,16.922744806419203,19.62223955700443
2024-05-25,2024-05-27,2024-05-31,8675.0,16.346195231384975,17.33478095636151
2024-06-01,2024-06-03,2024-06-07,10926.0,16.30256581299317,19.06663067480018
2024-06-08,2024-06-10,2024-06-14,10493.0,14.767949767989831,16.440969663447294
2024-06-15,2024-06-17,2024-06-21,10459.0,17.740911593666826,19.97322034670214
2024-06-22,2024-06-24,2024-06-28,10609.0,20.553388865639562,23.2541547270997
2024-06-29,2024-07-01,2024-07-05,10333.0,17.000961199922497,18.078681695643464
2024-07-06,2024-07-08,2024-07-12,10532.0,16.92459856589209,18.240659211730172
2024-07-13,2024-07-15,2024-07-19,10182.0,20.129774533061436,24.29072556823444
2024-07-20,2024-07-22,2024-07-26,10169.0,19.664196177421186,20.753073921831774
2024-07-27,2024-07-29,2024-08-02,10265.0,22.546184587113625,23.65699650993496
2024-08-03,2024-08-05,2024-08-09,10025.0,19.69541536120992,21.795325998060388
2024-08-10,2024-08-12,2024-08-16,9846.0,21.085514635949647,23.667062732257225
2024-08-17,2024-08-19,2024-08-23,9825.0,17.956808466790005,18.80253655331482
2024-08-24,2024-08-26,2024-08-30,8039.0,18.623401526470637,21.17372445698834
2024-08-31,2024-09-02,2024-09-06,10066.0,19.092355052765697,21.759553956152487
2024-09-07,2024-09-09,2024-09-13,9829.0,15.763787301813604,20.525536317210946
2024-09-14,2024-09-16,2024-09-20,9425.0,18.830820970414027,20.456130685243824
2024-09-21,2024-09-23,2024-09-27,10097.0,14.542984216743951,18.491483978794715
2024-09-28,2024-09-30,2024-10-04,10390.0,13.824622847167069,14.780862896030603
2024-10-05,2024-10-07,2024-10-11,10684.0,13.462162807705441,16.38191771256388
2024-10-12,2024-10-14,2024-10-18,10783.0,13.558744103769971,16.462536626715853
2024-10-19,2024-10-21,2024-10-25,11014.0,14.414169091168446,15.108358554180331
2024-10-26,2024-10-28,2024-11-01,10645.0,12.948214052480553,14.570805115550323
2024-11-02,2024-11-04,2024-11-08,11133.0,11.580090049101637,13.147823352454838
2024-11-09,2024-11-11,2024-11-15,11045.0,11.192571323135365,12.292680007987652
2024-11-16,2024-11-18,2024-11-22,10933.0,5.491461630816349,9.560080303002454
2024-11-23,2024-11-25,2024-11-29,11011.0,9.716464265087213,14.026227734047188
2024-11-30,2024-12-02,2024-12-06,11510.0,11.381288737764937,13.235153532135286
2024-12-07,2024-12-09,2024-12-13,11951.0,5.7502142012154165,6.936671615150473
2024-12-14,2024-12-16,2024-12-20,12636.0,10.23510021850832,12.856865132370595
2024-12-21,2024-12-23,2024-12-27,7151.0,9.128420308652908,12.052751666691055
